sample_id,split
0,val
1,train
2,test
3,train
4,train
5,test
6,train
7,test
8,train
9,train
10,val
11,train
12,train
13,train
14,test
15,train
16,train
17,train
18,train
19,train
20,val
21,train
22,train
24,test
25,train
26,val
27,train
28,test
29,train
30,train
31,train
32,train
33,train
34,test
35,train
36,test
37,val
38,train
39,train
40,train
41,val
42,train
43,train
44,train
46,val
47,train
48,test
49,train
50,train
51,val
52,train
53,val
54,test
55,train
56,train
57,val
58,train
59,train
60,val
61,train
62,val
64,test
65,test
66,train
67,train
68,train
69,val
70,train
71,train
72,train
73,train
74,train
77,train
78,train
79,train
80,train
81,test
82,train
83,train
84,test
85,train
86,test
87,train
88,train
89,train
90,test
91,train
92,train
93,train
94,train
95,train
96,train
97,train
98,train
99,train
100,test
101,train
102,test
103,train
104,train
105,train
106,train
107,train
108,train
109,train
110,train
111,train
112,val
113,train
114,val
115,test
116,val
117,test
118,train
119,train
120,train
121,train
122,train
123,test
124,train
125,train
126,test
127,train
128,train
129,train
130,train
131,train
132,train
133,test
134,train
135,train
136,train
137,train
138,train
139,val
140,train
141,val
142,train
143,train
144,train
145,train
147,val
148,train
149,train
150,train
151,test
152,train
153,train
154,train
155,test
156,train
157,train
158,val
159,train
160,train
161,train
162,train
163,train
164,train
165,test
166,test
167,train
168,train
169,train
170,val
171,train
172,train
173,train
174,train
175,train
177,train
178,val
179,train
180,train
181,train
182,train
183,train
184,train
185,train
186,val
187,val
188,train
189,test
190,test
191,val
192,train
193,train
194,test
195,train
196,val
197,train
198,train
199,train
200,test
201,train
202,train
203,train
204,test
205,train
206,train
207,test
208,test
209,train
210,train
211,test
213,test
214,train
215,train
216,train
217,train
218,train
219,val
220,train
221,train
222,train
223,train
224,train
225,train
226,val
227,train
228,train
229,train
230,val
231,train
232,test
233,train
234,test
235,test
236,val
237,test
238,train
239,train
240,train
241,train
242,train
243,val
244,train
245,train
246,train
247,train
248,train
249,train
250,train
251,test
252,train
253,train
254,val
255,test
256,train
257,train
258,train
259,train
260,val
261,val
262,val
263,train
264,train
265,train
266,val
268,test
269,val
270,test
271,test
272,train
273,train
274,train
275,val
276,train
277,train
278,val
279,train
280,train
281,train
282,train
283,train
284,train
285,train
286,test
287,train
288,test
289,train
290,train
291,train
292,train
293,train
294,train
295,train
296,test
297,train
298,train
299,train
300,train
301,train
302,train
303,train
304,test
305,train
306,val
307,train
308,test
309,val
310,train
311,val
312,train
313,train
314,train
315,test
316,val
317,test
318,train
319,train
320,train
321,train
322,train
323,test
324,val
325,test
326,train
327,val
328,train
329,train
330,train
331,train
332,test
333,train
334,train
335,train
336,test
337,test
338,train
339,train
340,train
341,train
342,test
343,val
344,test
345,train
346,train
347,train
348,train
349,val
350,train
351,train
352,train
353,train
354,test
356,val
357,train
358,train
359,train
360,train
361,train
362,train
363,train
364,train
365,train
366,val
367,train
368,val
369,train
370,test
371,train
372,train
373,test
374,train
375,train
376,train
377,train
378,train
379,train
380,train
381,val
382,train
383,train
384,train
385,test
386,val
387,train
388,val
389,train
390,test
391,train
392,test
393,train
394,train
395,train
396,test
397,train
398,train
399,val
400,val
401,val
402,train
403,train
404,val
405,train
406,train
407,test
408,train
409,val
410,train
411,test
412,train
413,test
414,train
415,train
416,train
417,val
418,train
419,train
420,test
421,train
422,train
424,train
425,train
426,train
427,train
428,test
429,train
430,train
431,train
432,train
433,train
434,train
435,train
436,train
437,train
438,train
439,train
440,train
441,train
442,train
443,test
444,train
445,train
446,train
447,train
448,test
449,train
450,train
451,test
452,train
453,test
454,train
455,train
456,test
457,test
458,test
459,train
460,val
461,test
462,train
463,train
464,train
465,train
466,train
467,train
468,train
469,train
470,val
471,val
472,train
473,train
474,train
475,val
476,train
477,train
478,test
479,train
480,train
481,train
482,val
483,train
484,train
485,test
486,train
487,train
488,train
489,test
490,train
491,train
492,train
493,train
494,train
495,test
496,test
497,train
498,train
499,train
500,val
501,train
502,test
503,train
504,val
505,train
506,train
507,train
508,train
509,train
510,train
511,train
512,train
513,train
514,test
515,val
516,val
517,train
518,train
519,test
520,train
521,train
522,train
523,train
524,train
525,train
526,test
527,train
528,train
529,train
530,train
531,test
532,val
533,train
534,train
535,test
536,train
537,train
538,train
539,test
540,train
541,train
542,train
543,val
544,test
545,val
546,train
547,train
548,train
549,train
550,val
551,train
552,train
553,test
554,train
555,val
556,train
557,val
558,val
559,val
560,train
561,train
562,train
563,train
564,val
565,train
566,train
567,train
568,train
569,test
570,train
571,train
572,test
573,test
574,val
575,val
576,train
577,val
578,train
579,train
580,val
582,train
583,test
584,train
585,train
586,train
587,train
588,test
589,train
590,train
591,val
592,train
593,train
594,train
595,train
596,test
597,train
598,train
599,val
600,val
601,test
602,val
603,train
604,train
605,train
606,train
607,val
608,train
609,test
610,val
611,val
612,val
613,train
614,val
615,train
616,train
617,test
618,test
619,train
620,train
621,train
622,train
623,train
624,train
625,test
626,train
627,train
628,train
629,train
630,val
631,train
632,test
633,train
634,train
635,train
636,train
637,train
638,train
639,test
640,train
641,train
642,train
643,train
644,train
645,train
646,test
647,train
648,test
649,train
650,train
651,train
652,train
653,train
654,train
655,train
656,train
657,val
658,test
659,test
660,test
661,train
662,train
663,train
664,train
665,train
666,train
667,train
669,train
670,val
671,train
672,val
673,train
674,train
675,train
676,train
677,val
678,train
679,val
680,test
681,train
682,test
683,train
684,test
685,train
686,val
687,val
689,test
690,train
691,train
692,train
693,val
694,train
695,train
696,train
697,train
698,train
699,train
700,train
701,train
702,test
703,train
704,val
705,train
706,train
707,train
708,val
709,train
710,train
711,train
712,test
713,train
714,val
715,train
716,train
717,train
718,test
719,train
720,train
721,test
722,train
723,train
724,train
725,test
726,train
727,train
728,train
729,train
730,test
731,val
732,test
733,train
734,train
735,val
736,train
737,train
738,train
739,val
740,val
742,val
743,train
744,train
745,train
746,train
747,train
748,train
749,val
750,train
751,test
752,train
753,train
754,train
755,train
756,test
757,train
758,train
759,val
760,train
761,test
762,train
763,train
764,test
765,test
766,train
767,train
768,val
769,val
770,train
771,train
772,train
773,test
774,train
775,train
776,train
777,train
778,train
779,test
780,train
781,val
782,train
783,train
784,train
785,train
786,train
787,train
788,train
789,train
790,train
791,train
792,train
793,train
794,train
795,train
796,test
797,train
798,train
799,train
800,train
801,train
802,train
803,train
804,train
805,val
806,val
807,train
808,train
809,val
810,train
811,train
812,train
813,train
814,train
815,train
816,test
817,train
818,train
819,train
820,test
821,train
822,train
823,test
824,test
825,train
826,test
827,train
828,train
829,test
830,train
831,train
832,test
833,val
834,train
835,train
836,train
837,val
838,train
839,val
840,train
841,train
842,test
843,train
844,train
845,val
846,val
847,train
848,val
849,val
850,train
851,test
852,train
853,test
854,train
855,test
856,train
857,test
858,train
859,train
860,train
861,train
862,train
863,val
864,train
865,train
866,val
867,val
868,train
869,train
870,train
871,test
872,train
873,val
874,train
875,train
876,val
877,train
878,train
879,train
880,train
881,train
883,test
884,test
885,train
886,train
887,train
888,val
889,train
890,train
891,val
892,train
893,train
894,val
895,train
896,train
898,train
899,val
900,train
901,train
902,train
903,test
904,val
905,train
906,train
907,train
908,test
909,train
910,train
911,val
912,train
913,train
914,val
915,train
916,val
917,train
918,test
919,train
920,train
921,train
922,test
923,train
924,train
925,val
926,val
927,train
928,train
929,val
930,train
931,val
932,train
933,val
934,train
935,train
936,train
937,train
938,val
939,train
940,test
941,test
942,train
943,train
944,train
945,train
946,train
947,train
948,val
949,val
950,train
951,test
953,train
954,train
955,train
956,train
957,val
958,train
959,train
960,train
961,train
962,val
963,val
964,train
965,train
966,test
967,train
968,test
969,train
970,test
971,val
972,train
973,train
974,train
975,train
976,test
977,test
978,train
979,train
980,train
981,train
982,val
983,train
984,train
985,val
986,train
987,train
988,test
989,train
990,train
991,test
992,train
993,train
994,val
995,train
996,train
997,val
998,train
999,val
1000,train
1001,train
1002,train
1003,train
1004,train
1005,val
1006,train
1007,test
1008,train
1009,train
1010,train
1011,train
1012,train
1013,train
1014,train
1015,train
1016,test
1017,test
1019,train
1020,train
1021,test
1022,train
1023,train
1024,train
1025,val
1026,train
1027,train
1028,train
1029,train
1030,train
1031,train
1032,train
1033,train
1034,test
1035,val
1036,train
1037,train
1038,train
1039,train
1040,train
1041,train
1042,test
1043,test
1044,train
1045,train
1046,train
1047,train
1048,val
1049,train
1050,train
1051,train
1052,train
1053,train
1054,train
1055,train
1056,test
1057,train
1058,train
1059,val
1060,test
1061,test
1062,train
1063,train
1064,train
1065,train
1066,train
1067,train
1068,val
1069,train
1070,train
1071,train
1072,train
1073,train
1074,train
1075,val
1076,train
1077,test
1078,train
1079,train
1080,val
1081,train
1082,train
1083,train
1084,train
1085,train
1086,train
1087,test
1088,train
1089,train
1090,train
1091,train
1092,train
1093,train
1094,train
1096,val
1097,train
1098,train
1099,test
1100,test
1101,test
1102,train
1103,train
1104,train
1105,train
1106,val
1107,train
1108,train
1109,train
1110,val
1111,val
1112,train
1113,train
1114,train
1115,train
1116,train
1117,train
1118,val
1119,train
1120,train
1121,train
1122,train
1123,train
1124,train
1125,train
1126,train
1127,train
1128,val
1129,train
1130,train
1131,val
1132,train
1133,train
1134,test
1135,val
1136,train
1137,test
1138,train
1139,train
1140,train
1141,train
1142,train
1143,test
1144,train
1145,test
1146,val
1147,train
1148,train
1149,train
1150,val
1152,train
1153,train
1154,val
1155,train
1156,train
1157,train
1158,test
1160,train
1161,test
1162,val
1163,train
1164,test
1165,train
1166,train
1167,train
1168,train
1169,train
1170,train
1171,train
1172,val
1173,train
1174,train
1175,val
1176,test
1177,train
1178,test
1179,train
1180,train
1181,test
1182,train
1183,train
1184,test
1185,train
1186,train
1187,train
1188,train
1189,train
1190,train
1191,test
1193,train
1194,train
1195,val
1196,test
1197,train
1198,train
1199,train
1200,train
1201,train
1202,train
1203,train
1204,train
1205,test
1206,train
1207,val
1208,train
1209,train
1210,train
1211,train
1212,test
1213,train
1214,train
1215,test
1216,test
1217,train
1218,val
1219,train
1220,test
1221,train
1222,train
1223,train
1224,val
1225,test
1226,val
1227,train
1228,train
1229,train
1230,train
1231,train
1232,train
1233,test
1234,train
1235,train
1236,val
1237,train
1238,train
1239,val
1240,train
1241,train
1242,test
1243,train
1244,train
1245,train
1246,train
1247,train
1248,train
1249,train
1250,train
1251,train
1252,train
1253,train
1254,train
1255,train
1256,test
1257,val
1258,train
1260,train
1261,train
1262,train
1263,train
1264,test
1265,train
1266,test
1267,train
1268,train
1269,train
1270,val
1271,train
1272,train
1273,train
1274,train
1275,train
1276,test
1277,train
1278,val
1279,train
1280,train
1281,train
1282,test
1283,test
1284,train
1285,train
1286,train
1287,train
1288,train
1289,train
1290,train
1291,train
1292,train
1293,train
1294,train
1295,train
1296,train
1297,train
1298,train
1299,val
1300,train
1301,train
1302,val
1303,train
1304,train
1305,test
1306,train
1307,train
1308,train
1309,val
1310,train
1311,test
1312,val
1313,train
1314,train
1315,train
1316,test
1317,train
1318,test
1319,test
1320,test
1321,train
1322,test
1323,val
1324,train
1325,val
1326,train
1327,val
1328,train
1329,train
1330,train
1331,train
1332,train
1333,train
1334,test
1335,train
1336,train
1337,val
1338,train
1339,test
1340,test
1341,test
1343,train
1344,test
1345,val
1346,val
1347,val
1348,train
1349,train
1350,train
1351,train
1352,train
1353,train
1354,train
1355,train
1356,train
1357,train
1358,train
1359,train
1360,train
1361,test
1362,val
1363,train
1364,train
1365,train
1366,train
1367,train
1368,train
1369,test
1370,train
1371,train
1372,val
1373,train
1374,train
1375,train
1376,train
1377,train
1378,train
1379,train
1380,train
1381,train
1382,train
1383,train
1384,train
1385,val
1386,train
1387,train
1388,train
1389,train
1390,train
1391,test
1392,train
1393,test
1394,val
1395,val
1396,test
1397,train
1398,train
1399,val
1400,train
1401,train
1402,train
1403,train
1404,train
1405,train
1406,train
1407,train
1408,test
1409,train
1410,train
1411,train
1412,test
1413,train
1414,train
1415,train
1416,train
1417,train
1418,test
1419,test
1420,val
1421,val
1422,train
1423,test
1424,train
1425,train
1427,train
1428,train
1429,train
1430,train
1431,train
1432,train
1433,train
1434,val
1435,train
1436,test
1437,train
1438,train
1439,train
1440,train
1441,train
1442,train
1443,train
1444,train
1445,val
1446,train
1447,train
1448,train
1450,test
1451,test
1452,val
1453,val
1454,train
1455,train
1456,train
1457,train
1458,train
1459,test
1460,train
1461,val
1462,train
1463,train
1464,train
1465,train
1466,train
1467,train
1468,train
1469,test
1470,train
1471,train
1472,train
1473,train
1474,test
1475,test
1476,train
1477,val
1478,train
1479,train
1480,test
1481,test
1482,train
1483,train
1484,train
1485,val
1486,val
1487,train
1488,train
1489,val
1490,train
1491,train
1492,train
1493,train
1494,train
1495,val
1496,train
1498,train
1499,val
1500,train
1501,train
1502,test
1503,train
1504,train
1505,train
1506,train
1507,test
1508,val
1509,train
1510,val
1511,train
1512,test
1513,train
1514,test
1515,train
1516,test
1517,train
1518,train
1519,train
1520,val
1521,train
1522,train
1523,train
1524,train
1525,test
1526,train
1527,test
1528,val
1529,test
1530,val
1531,train
1532,train
1533,val
1534,val
1535,train
1536,test
1537,train
1538,val
1539,train
1540,train
1541,test
1542,train
1543,train
1544,val
1545,val
1546,train
1547,train
1548,train
1549,train
1550,train
1551,test
1552,train
1553,train
1554,test
1555,train
1556,train
1557,train
1558,val
1559,train
1560,test
1561,train
1562,train
1563,train
1564,test
1565,train
1566,train
1567,train
1568,test
1569,test
1570,train
1571,train
1572,test
1573,train
1574,train
1575,train
1576,train
1577,train
1578,val
1579,train
1580,train
1581,val
1582,train
1583,val
1584,test
1585,train
1586,train
1587,train
1588,test
1589,train
1590,test
1591,train
1592,test
1593,test
1594,val
1595,train
1596,train
1597,test
1598,train
1599,val
1600,train
1601,train
1602,train
1603,train
1604,test
1605,val
1606,train
1607,test
1608,train
1610,val
1611,train
1612,train
1613,train
1614,train
1615,train
1616,val
1617,val
1618,train
1619,train
1620,test
1621,train
1622,train
1623,train
1624,test
1625,test
1626,train
1627,train
1628,train
1629,test
1630,train
1631,val
1632,val
1633,train
1634,val
1635,train
1636,train
1637,val
1638,val
1639,val
1640,train
1641,train
1642,train
1643,val
1644,train
1645,train
1646,train
1647,train
1648,val
1649,train
1650,test
1651,train
1652,train
1653,train
1654,train
1655,train
1656,train
1657,train
1658,test
1659,test
1660,test
1661,train
1662,train
1663,train
1664,train
1665,train
1666,train
1667,train
1668,train
1669,test
1670,train
1671,train
1672,train
1673,train
1674,train
1675,train
1676,train
1677,train
1678,test
1679,train
1680,train
1681,train
1682,train
1683,val
1684,train
1685,train
1686,train
1687,train
1688,val
1689,train
1690,test
1691,train
1692,train
1693,train
1694,val
1695,train
1696,val
1697,train
1698,test
1699,train
1700,val
1701,train
1702,train
1703,test
1704,train
1705,val
1706,train
1707,val
1708,train
1709,train
1710,train
1711,train
1712,val
1713,train
1714,train
1715,train
1716,val
1717,val
1718,train
1719,train
1720,train
1721,train
1722,train
1723,train
1724,train
1725,train
1726,test
1727,train
1728,train
1729,train
1730,train
1731,train
1732,train
1733,train
1734,train
1735,train
1736,train
1737,train
1738,train
1739,val
1740,train
1741,train
1742,train
1743,train
1744,train
1745,train
1746,train
1747,train
1748,train
1749,train
1750,val
1751,train
1752,train
1754,test
1755,train
1756,train
1757,train
1758,train
1759,val
1760,train
1761,val
1762,test
1763,val
1764,train
1765,test
1766,val
1767,val
1768,train
1769,val
1770,test
1771,val
1772,train
1773,train
1774,train
1775,train
1776,train
1777,train
1778,train
1779,train
1780,train
1781,train
1782,val
1783,test
1784,val
1785,test
1786,train
1787,train
1788,train
1789,train
1790,train
1791,train
1792,train
1793,train
1794,test
1795,train
1796,train
1797,train
1798,val
1799,train
1800,train
1801,train
1802,train
1803,train
1804,train
1805,test
1806,train
1807,train
1808,val
1809,train
1810,val
1811,train
1812,train
1813,train
1814,train
1815,train
1816,train
1817,test
1818,val
1819,train
1820,val
1821,train
1822,train
1823,train
1824,val
1825,test
1826,train
1827,test
1828,train
1829,train
1830,test
1831,train
1832,train
1833,train
1834,train
1835,test
1836,train
1837,val
1838,train
1839,train
1840,test
1841,train
1842,train
1843,train
1844,val
1845,test
1847,train
1848,test
1849,train
1850,train
1851,train
1852,train
1853,train
1854,val
1855,test
1856,train
1857,train
1859,test
1860,train
1861,val
1862,train
1863,val
1864,test
1865,train
1866,train
1867,test
1868,test
1869,train
1870,test
1871,train
1872,train
1873,train
1874,train
1875,train
1876,val
1877,val
1878,val
1879,train
1880,test
1881,train
1882,train
1883,val
1884,train
1885,train
1886,train
1887,train
1888,train
1889,train
1890,val
1891,train
1892,train
1893,val
1894,train
1895,test
1896,train
1897,train
1898,train
1899,train
1900,train
1901,train
1902,train
1903,val
1904,val
1905,train
1906,train
1907,train
1908,train
1909,train
1910,train
1911,train
1912,train
1913,train
1914,val
1915,test
1916,train
1917,test
1918,val
1919,test
1920,train
1921,train
1922,train
1923,train
1924,train
1925,val
1926,train
1927,train
1928,train
1929,test
1930,val
1931,train
1932,test
1933,test
1934,test
1935,train
1936,train
1937,train
1938,train
1939,train
1940,val
1941,train
1942,train
1943,test
1944,train
1945,train
1946,train
1947,train
1948,train
1949,train
1950,train
1951,train
1952,train
1953,train
1954,train
1955,test
1956,train
1957,train
1958,train
1959,train
1960,val
1961,train
1962,train
1963,val
1964,train
1965,val
1966,train
1967,train
1968,train
1969,test
1970,train
1971,train
1972,train
1973,train
1974,train
1975,train
1976,train
1977,train
1978,train
1979,train
1980,train
1981,train
1982,test
1983,train
1984,val
1985,train
1986,test
1987,test
1988,test
1989,train
1990,train
1991,val
1992,train
1993,train
1994,train
1995,train
1996,train
1997,train
1998,train
1999,train
2000,train
2001,train
2002,train
2003,test
2004,train
2005,train
2006,test
2007,train
2008,train
2009,test
2010,train
2011,train
2012,val
2013,train
2014,train
2015,train
2016,train
2017,train
2018,train
2019,train
2020,train
2021,train
2022,test
2023,train
2024,train
2025,train
2026,train
2027,test
2028,train
2029,train
2030,train
2031,train
2033,train
2034,train
2035,train
2036,train
2037,train
2038,train
2039,train
2040,train
2041,train
2042,val
2043,test
2044,train
2045,train
2046,train
2047,train
2048,train
2049,train
2050,train
2051,train
2052,train
2053,val
2054,train
2055,train
2056,train
2057,val
2058,val
2059,train
2060,train
2061,val
2062,train
2063,train
2064,train
2065,train
2066,train
2067,train
2068,test
2069,train
2070,val
2071,val
2072,train
2073,train
2074,train
2075,train
2076,val
2077,train
2078,train
2079,test
2080,train
2081,train
2082,train
2083,test
2084,train
2085,train
2086,train
2087,train
2088,test
2089,train
2090,train
2091,train
2092,train
2093,val
2094,train
2095,val
2096,train
2097,train
2098,train
2099,test
2100,train
2101,train
2102,train
2103,test
2104,train
2105,train
2106,train
2107,train
2108,test
2109,train
2110,train
2111,val
2112,train
2113,train
2114,val
2115,train
2116,train
2117,train
2118,train
2119,train
2120,val
2121,test
2122,train
2123,train
2124,train
2125,train
2126,train
2127,train
2128,train
2129,train
2130,train
2131,train
2132,val
2133,train
2134,test
2135,train
2136,test
2137,test
2138,train
2139,train
2140,train
2141,train
2142,train
2143,train
2144,train
2145,train
2146,train
2147,train
2148,train
2149,test
2150,val
2151,train
2152,val
2153,train
2154,train
2155,test
2156,train
2157,train
2158,train
2159,train
2160,train
2161,train
2162,train
2163,val
2164,train
2165,train
2166,train
2167,train
2168,train
2169,train
2170,train
2171,train
2172,train
2173,train
2174,val
2175,val
2176,train
2177,train
2178,train
2179,train
2180,train
2181,train
2182,train
2183,val
2184,train
2185,val
2186,test
2187,train
2188,train
2189,train
2190,test
2191,train
2192,train
2193,train
2194,train
2195,train
2196,train
2197,train
2198,test
2199,train
2200,train
2201,test
2202,train
2203,train
2204,train
2205,train
2206,train
2207,val
2208,train
2209,train
2210,train
2211,train
2212,train
2213,train
2214,train
2215,val
2216,train
2217,train
2218,train
2219,train
2220,train
2221,val
2222,test
2223,train
2224,val
2225,val
2226,train
2227,train
2228,train
2229,train
2230,train
2231,train
2232,val
2233,train
2234,val
2235,train
2236,train
2237,train
2238,train
2239,train
2240,test
2241,val
2242,val
2243,train
2244,train
2245,train
2246,test
2247,train
2248,test
2249,train
2250,train
2251,train
2252,val
2253,train
2254,train
2255,train
2256,train
2257,val
2258,train
2259,test
2260,train
2261,train
2262,test
2263,val
2264,train
2265,train
2266,train
2267,train
2268,train
2269,test
2270,train
2271,train
2272,test
2273,train
2274,test
2275,train
2276,val
2277,train
2278,test
2279,train
2280,train
2281,test
2282,train
2283,test
2284,train
2285,val
2286,train
2287,train
2288,test
2289,train
2290,train
2291,test
2292,train
2293,test
2294,train
2295,train
2296,test
2297,train
2298,train
2299,train
2300,test
2301,val
2302,train
2303,train
2304,train
2305,train
2306,train
2307,train
2308,test
2309,test
2310,train
2311,train
2312,val
2313,train
2314,test
2315,val
2316,train
2317,train
2318,train
2319,train
2320,train
2321,val
2322,train
2323,test
2324,train
2325,train
2326,train
2327,val
2328,train
2329,train
2330,test
2331,train
2332,test
2333,train
2334,train
2335,train
2336,val
2337,train
2338,train
2339,test
2340,train
2341,train
2342,train
2343,train
2344,train
2345,test
2346,test
2347,test
2348,val
2349,val
2350,train
2351,train
2352,train
2353,test
2354,train
2355,train
2356,train
2357,train
2358,train
2359,train
2360,train
2361,val
2362,test
2363,train
2364,train
2365,val
2366,train
2367,val
2368,test
2369,val
2370,train
2371,train
2372,train
2373,train
2374,train
2375,train
2376,val
2377,test
2378,train
2379,train
2380,train
2381,train
2382,train
2383,train
2384,train
2385,train
2386,train
2387,train
2388,train
2389,test
2390,val
2391,test
2392,test
2393,train
2394,test
2395,train
2396,train
2397,val
2398,train
2399,test
2400,train
2401,train
2402,test
2403,train
2404,test
2405,train
2406,train
2407,train
2408,train
2409,train
2410,val
2411,test
2412,train
2413,test
2414,train
2415,train
2416,train
2417,train
2418,train
2419,train
2420,test
2421,train
2422,train
2423,train
2424,train
2425,train
2426,train
2427,train
2428,val
2429,test
2430,train
2431,train
2432,train
2433,train
2434,test
2435,train
2436,test
2437,train
2438,val
2439,train
2440,test
2441,train
2442,train
2443,train
2444,train
2445,test
2446,train
2447,val
2448,train
2449,val
2450,train
2451,val
2452,train
2453,test
2454,train
2455,train
2456,test
2457,train
2458,train
2459,test
2460,train
2461,train
2462,train
2463,test
2464,train
2465,train
2466,train
2468,train
2469,val
2470,val
2471,train
2472,train
2473,train
2474,test
2475,train
2476,val
2477,train
2478,train
2479,train
2480,train
2481,train
2482,train
2483,train
2484,test
2485,train
2486,test
2487,train
2488,train
2490,val
2491,train
2492,test
2493,val
2494,test
2495,train
2496,train
2497,test
2498,train
2499,val
2500,train
2501,train
2502,train
2503,train
2504,train
2505,train
2506,train
2507,train
2508,val
2509,train
2510,train
2511,train
2512,train
2513,test
2514,train
2515,train
2516,train
2517,train
2518,train
2519,train
2520,train
2521,train
2522,train
2523,train
2524,test
2525,val
2526,test
2527,train
2528,train
2529,test
2530,val
2531,val
2532,train
2533,train
2534,test
2535,train
2536,val
2537,train
2538,val
2539,train
2540,train
2541,train
2542,train
2543,train
2544,train
2545,val
2546,train
2547,train
2548,val
2549,train
2550,train
2551,train
2552,train
2553,train
2555,train
2556,val
2557,train
2558,test
2559,val
2560,train
2561,test
2562,train
2563,train
2564,train
2565,train
2566,train
2567,train
2568,train
2569,train
2570,test
2571,train
2572,val
2573,train
2574,train
2575,train
2576,test
2577,test
2578,train
2579,train
2580,train
2581,test
2582,train
2583,val
2584,train
2585,test
2586,train
2587,train
2588,val
2589,train
2590,val
2591,train
2592,val
2593,train
2594,train
2595,train
2596,test
2597,train
2598,test
2599,train
2600,train
2601,train
2602,train
2603,train
2604,val
2605,val
2606,test
2607,val
2608,test
2609,train
2610,train
2611,train
2612,train
2613,test
2614,train
2615,val
2616,val
2617,val
2618,val
2619,train
2620,train
2621,val
2622,train
2623,train
2624,test
2625,train
2626,train
2627,val
2628,val
2629,train
2630,train
2631,train
2632,train
2633,train
2634,val
2635,train
2636,train
2637,train
2638,train
2639,train
2640,test
2641,train
2642,val
2643,test
2644,test
2645,train
2646,train
2647,train
2648,test
2649,train
2650,train
2651,train
2652,test
2653,train
2654,train
2655,train
2656,train
2657,val
2658,train
2659,val
2660,train
2661,train
2662,train
2663,train
2664,val
2665,train
2666,train
2667,train
2668,test
2669,train
2670,test
2671,test
2672,val
2673,val
2674,train
2675,train
2676,train
2677,val
2678,train
2679,val
2680,train
2681,test
2682,val
2683,train
2684,test
2685,train
2686,train
2687,train
2688,train
2689,val
2690,train
2691,train
2692,val
2693,train
2694,train
2695,train
2696,train
2697,train
2698,test
2699,train
2700,train
2701,test
2702,val
2703,train
2704,train
2705,train
2706,train
2707,test
2708,train
2709,test
2710,train
2711,train
2712,train
2713,train
2714,train
2715,train
2716,val
2717,train
2718,train
2719,train
2720,train
2721,test
2722,test
2723,train
2724,val
2725,val
2726,train
2727,train
2728,train
2729,train
2730,train
2731,val
2732,test
2733,test
2734,test
2735,train
2737,test
2738,train
2739,train
2740,val
2741,train
2742,train
2743,test
2744,train
2745,train
2746,val
2747,train
2748,train
2749,val
2750,train
2751,train
2752,test
2753,train
2754,train
2755,val
2756,train
2757,train
2758,train
2759,train
2760,train
2761,val
2762,train
2763,train
2764,train
2765,train
2766,train
2767,train
2768,train
2769,train
2770,train
2771,train
2772,train
2773,train
2774,test
2775,train
2776,val
2777,train
2778,train
2779,train
2780,test
2781,train
2782,train
2783,train
2784,val
2785,train
2786,train
2787,train
2788,val
2789,test
2790,test
2791,test
2792,train
2793,test
2794,train
2795,val
2796,train
2797,train
2798,train
2799,test
2800,val
2801,train
2802,train
2803,train
2804,train
2805,train
2806,test
2807,train
2808,train
2809,train
2810,train
2811,train
2812,test
2813,train
2814,val
2815,test
2816,val
2817,train
2818,val
2819,train
2820,train
2821,val
2822,test
2823,train
2824,train
2825,test
2826,train
2827,val
2828,train
2829,val
2830,test
2831,val
2832,train
2833,train
2834,train
2835,test
2836,train
2837,test
2838,test
2839,train
2840,val
2841,test
2842,train
2843,train
2844,val
2845,train
2846,train
2847,val
2848,train
2849,test
2850,train
2851,val
2852,train
2853,train
2854,test
2855,train
2856,train
2857,train
2858,train
2859,train
2860,train
2861,train
2862,train
2863,train
2864,test
2865,train
2866,val
2867,val
2868,train
2869,test
2870,train
2871,train
2872,train
2873,test
2874,train
2875,train
2876,val
2877,train
2878,train
2879,train
2880,train
2881,train
2882,train
2883,val
2884,train
2885,val
2886,train
2887,train
2888,train
2889,train
2890,train
2891,val
2892,train
2893,test
2894,train
2895,train
2896,train
2897,train
2898,val
2899,train
2900,test
2901,train
2902,train
2903,val
2904,train
2905,val
2906,val
2907,train
2908,train
2909,train
2910,test
2911,train
2912,val
2913,train
2914,val
2915,train
2916,train
2917,train
2918,train
2919,train
2920,train
2921,train
2922,train
2923,train
2924,train
2925,train
2926,train
2927,train
2928,test
2929,train
2930,train
2931,test
2932,train
2933,train
2934,test
2935,train
2936,train
2937,train
2938,train
2939,train
2940,test
2941,train
2942,train
2943,val
2944,train
2945,test
2946,val
2947,test
2948,train
2949,val
2950,test
2951,train
2952,train
2953,train
2954,train
2955,train
2956,val
2957,train
2958,val
2959,train
2960,test
2961,train
2962,train
2963,train
2964,val
2965,train
2966,test
2967,train
2968,train
2969,train
2970,train
2971,train
2972,train
2973,train
2974,train
2975,train
2976,train
2977,train
2978,test
2979,test
2980,train
2981,test
2982,train
2983,val
2984,train
2985,val
2986,train
2987,train
2988,train
2989,train
2990,train
2991,train
2992,train
2993,train
2994,val
2996,val
2997,train
2998,test
2999,train
3000,val
3001,train
3002,test
3003,train
3004,test
3005,train
3006,train
3007,train
3008,train
3009,val
3010,train
3011,train
3012,train
3013,train
3014,train
3015,train
3016,train
3017,train
3018,train
3019,train
3020,train
3021,val
3022,train
3023,train
3024,train
3025,train
3026,train
3027,train
3028,val
3029,train
3030,train
3031,train
3032,val
3033,train
3034,train
3035,train
3036,train
3037,train
3038,train
3039,test
3040,train
3041,test
3042,train
3043,train
3044,test
3045,train
3046,train
3047,train
3048,train
3049,train
3050,train
3051,train
3052,val
3053,train
3054,train
3055,train
3056,train
3057,train
3058,val
3059,train
3060,train
3061,val
3062,val
3063,val
3064,train
3065,test
3066,val
3067,val
3068,train
3069,train
3070,train
3071,train
3072,train
3073,train
3074,test
3075,test
3076,test
3077,train
3078,train
3079,train
3080,train
3081,train
3082,test
3083,train
3084,val
3085,test
3086,train
3087,train
3088,train
3089,train
3090,train
3091,val
3092,train
3093,val
3094,test
3095,train
3096,train
3097,train
3098,train
3099,train
3100,train
3101,test
3102,val
3103,train
3104,train
3105,train
3106,train
3107,train
3108,test
3109,train
3110,train
3111,train
3112,test
3113,train
3114,test
3115,train
3116,val
3117,train
3118,train
3119,train
3120,train
3121,test
3122,train
3123,train
3124,train
3125,test
3126,val
3127,train
3128,test
3129,val
3130,train
3131,train
3132,train
3133,val
3134,train
3135,train
3136,val
3137,train
3138,train
3139,test
3140,train
3141,train
3142,train
3143,train
3144,train
3145,val
3146,train
3147,train
3148,train
3149,train
3150,train
3151,val
3152,test
3153,train
3154,train
3155,train
3156,train
3157,train
3158,val
3159,train
3160,test
3161,train
3162,test
3163,val
3164,train
3165,train
3166,train
3167,test
3168,train
3169,train
3170,train
3171,train
3172,test
3173,train
3174,train
3175,train
3176,train
3177,test
3178,train
3179,val
3180,test
3181,train
3182,train
3183,train
3184,val
3185,train
3186,test
3187,train
3188,train
3189,train
3190,train
3191,train
3192,val
3193,train
3194,val
3195,train
3196,train
3197,test
3198,train
3199,test
3200,train
3201,train
3202,train
3203,train
3204,train
3205,train
3206,train
3207,train
3208,train
3209,train
3210,val
3211,train
3212,train
3213,train
3214,train
3215,train
3216,train
3217,train
3218,train
3219,train
3220,train
3221,train
3222,train
3223,test
3224,val
3225,train
3226,train
3227,train
3228,train
3229,train
3230,train
3231,train
3232,train
3233,val
3234,train
3235,val
3236,val
3237,train
3238,train
3239,train
3240,train
3241,train
3242,train
3243,train
3244,train
3245,train
3246,train
3247,train
3248,train
3249,train
3250,train
3251,val
3252,train
3253,train
3254,train
3255,val
3256,val
3257,test
3258,train
3259,test
3260,train
3261,train
3262,train
3263,train
3264,val
3265,train
3266,test
3267,test
3268,train
3269,train
3270,train
3271,val
3272,train
3273,train
3274,val
3275,val
3276,val
3277,train
3278,test
3279,val
3280,train
3281,train
3282,train
3283,train
3284,train
3285,train
3286,train
3288,test
3289,train
3290,train
3291,train
3292,train
3293,val
3294,train
3295,train
3296,train
3297,train
3298,train
3299,train
3300,train
3301,train
3302,train
3303,train
3304,train
3305,train
3306,val
3307,train
3308,train
3309,train
3310,train
3311,train
3312,val
3313,train
3314,train
3315,val
3316,val
3317,train
3318,test
3319,train
3320,test
3321,test
3322,train
3323,train
3324,val
3325,train
3326,train
3327,train
3328,test
3329,val
3330,train
3331,val
3332,train
3333,train
3334,train
3335,train
3336,train
3337,train
3338,train
3339,train
3340,train
3341,train
3342,test
3343,train
3344,train
3345,train
3346,train
3347,test
3348,train
3349,train
3350,train
3351,val
3352,val
3353,train
3354,train
3355,train
3356,train
3357,val
3358,train
3359,train
3360,train
3361,val
3362,train
3363,train
3364,test
3365,train
3366,train
3367,train
3368,train
3369,test
3370,test
3371,train
3372,train
3373,test
3374,val
3375,train
3376,train
3377,train
3378,train
3379,train
3380,train
3381,train
3382,val
3383,train
3384,val
3385,train
3386,val
3387,train
3388,train
3389,train
3390,val
3391,train
3392,train
3393,train
3394,train
3395,train
3396,test
3397,train
3398,train
3399,train
3400,train
3401,train
3402,train
3403,test
3404,train
3405,train
3406,train
3407,test
3408,train
3409,train
3410,train
3411,train
3412,train
3413,train
3414,test
3415,train
3416,test
3417,val
3418,train
3419,train
3420,train
3421,train
3422,val
3423,train
3424,train
3425,train
3426,train
3427,train
3428,train
3429,test
3430,train
3431,val
3432,train
3433,train
3434,train
3435,val
3436,val
3437,train
3438,train
3439,train
3440,train
3441,train
3442,val
3443,train
3444,train
3445,val
3446,train
3447,train
3448,train
3449,val
3450,train
3451,train
3452,val
3453,test
3454,train
3455,train
3457,train
3458,train
3459,train
3460,val
3461,train
3462,train
3463,train
3464,train
3465,train
3466,test
3467,train
3468,val
3469,train
3470,train
3471,train
3472,train
3473,train
3474,train
3475,train
3476,train
3477,train
3478,train
3479,train
3480,val
3481,train
3482,train
3483,val
3484,train
3485,train
3486,train
3487,val
3488,train
3489,train
3490,train
3491,train
3492,train
3493,train
3494,test
3495,train
3496,val
3497,train
3498,train
3499,train
3500,train
3501,train
3502,train
3503,train
3504,train
3505,train
3506,train
3507,train
3508,train
3509,train
3510,train
3511,train
3512,test
3513,train
3514,train
3515,test
3516,train
3517,test
3518,val
3519,train
3520,train
3521,train
3522,val
3523,train
3524,train
3525,val
3526,train
3527,test
3528,train
3529,train
3530,train
3531,train
3532,train
3533,train
3534,test
3535,train
3536,test
3537,val
3538,train
3539,train
3540,train
3541,train
3542,test
3543,train
3544,train
3545,test
3546,train
3547,train
3548,train
3549,test
3550,train
3551,train
3552,train
3553,train
3554,val
3555,train
3556,train
3557,train
3558,train
3559,train
3560,train
3561,train
3562,train
3563,test
3564,test
3565,test
3566,train
3567,test
3568,test
3569,val
3570,train
3571,val
3572,train
3573,val
3574,train
3575,train
3576,val
3577,test
3578,train
3579,train
3580,train
3581,val
3582,train
3583,val
3584,train
3585,test
3586,val
3587,train
3588,train
3589,val
3590,train
3591,train
3592,train
3593,val
3594,val
3595,val
3596,train
3598,test
3599,train
3600,train
3601,val
3602,train
3603,test
3604,train
3605,train
3606,train
3607,val
3608,train
3609,val
3610,train
3611,train
3612,train
3613,train
3614,val
3615,train
3616,val
3617,train
3618,test
3619,train
3620,train
3621,test
3622,train
3623,train
3624,train
3625,test
3626,train
3627,train
3628,test
3629,val
3630,train
3631,test
3632,train
3633,train
3634,test
3635,val
3636,test
3637,val
3638,train
3639,val
3640,train
3641,test
3642,train
3643,train
3644,test
3645,train
3646,train
3647,test
3648,train
3649,train
3650,test
3651,test
3652,test
3653,train
3654,val
3655,train
3656,train
3657,train
3659,train
3660,val
3661,train
3662,train
3663,train
3664,test
3665,val
3666,train
3667,test
3668,train
3669,train
3670,train
3671,train
3672,train
3673,train
3674,test
3675,train
3676,train
3677,train
3678,train
3679,val
3680,train
3681,train
3682,val
3683,test
3684,val
3685,train
3686,train
3687,train
3688,train
3689,train
3690,train
3691,test
3692,train
3693,val
3694,train
3695,train
3696,train
3697,val
3698,train
3699,test
3700,val
3701,train
3702,val
3703,val
3704,val
3705,val
3706,train
3707,train
3708,train
3709,train
3710,train
3711,train
3712,val
3713,train
3714,train
3715,train
3716,train
3717,train
3718,train
3719,train
3720,train
3721,train
3722,train
3723,test
3724,val
3725,train
3726,train
3727,train
3728,train
3729,test
3730,val
3731,val
3732,test
3733,test
3734,train
3735,train
3736,test
3737,train
3738,val
3739,train
3740,test
3741,test
3742,val
3744,val
3745,train
3746,train
3747,train
3748,train
3749,train
3750,train
3751,train
3752,train
3753,test
3754,test
3755,train
3756,val
3757,train
3758,train
3759,train
3760,train
3761,train
3762,train
3763,train
3764,test
3765,train
3766,train
3767,train
3768,test
3769,train
3770,train
3771,test
3772,train
3773,train
3774,val
3775,train
3776,train
3777,train
3778,test
3779,train
3780,test
3781,train
3782,test
3783,train
3784,train
3785,test
3786,train
3788,train
3789,train
3790,train
3791,train
3792,train
3793,train
3794,test
3795,test
3796,train
3797,train
3798,train
3799,train
3800,train
3801,train
3802,train
3803,train
3804,train
3805,train
3806,train
3807,train
3808,train
3809,train
3810,train
3811,val
3812,train
3813,val
3814,val
3815,train
3816,train
3817,train
3818,train
3819,train
3820,test
3821,train
3822,test
3823,train
3824,train
3825,test
3826,test
3827,test
3828,train
3829,train
3830,test
3831,val
3832,train
3833,train
3834,train
3835,train
3836,train
3837,train
3838,train
3839,train
3840,test
3841,test
3842,train
3843,train
3844,train
3845,train
3846,val
3847,train
3848,train
3849,train
3850,train
3851,test
3852,val
3853,train
3854,val
3855,train
3856,train
3857,train
3858,train
3859,train
3860,test
3861,train
3862,train
3863,train
3864,train
3865,val
3866,train
3867,train
3868,train
3869,train
3870,train
3871,train
3872,val
3873,train
3874,train
3875,train
3876,train
3877,train
3878,test
3879,train
3880,train
3881,train
3882,train
3883,train
3884,val
3885,train
3886,train
3887,train
3888,test
3889,train
3890,val
3891,val
3892,train
3893,train
3894,train
3895,test
3896,train
3897,train
3898,train
3899,train
3900,train
3901,val
3902,train
3903,train
3904,train
3905,train
3906,train
3907,val
3908,val
3909,train
3910,val
3911,train
3912,train
3913,test
3914,train
3915,val
3916,train
3917,train
3918,train
3919,train
3920,test
3921,train
3922,train
3923,train
3924,val
3925,val
3926,val
3927,train
3928,train
3929,train
3930,train
3931,train
3932,train
3933,train
3934,train
3935,val
3936,train
3937,train
3938,test
3939,train
3940,train
3941,train
3942,test
3943,train
3944,test
3945,train
3946,test
3947,train
3948,train
3949,train
3950,train
3951,train
3952,test
3953,test
3954,test
3955,train
3956,test
3957,val
3958,test
3959,train
3960,train
3961,train
3962,val
3963,train
3964,train
3965,train
3966,train
3967,train
3968,train
3969,train
3970,train
3971,train
3972,train
3973,test
3974,train
3975,test
3976,train
3977,val
3978,train
3979,train
3980,val
3981,train
3982,train
3983,train
3984,train
3985,train
3986,train
3987,train
3988,train
3989,train
3990,test
3991,val
3992,test
3993,test
3994,train
3995,train
3996,train
3997,train
3998,test
3999,train
4000,train
4001,train
4002,train
4003,train
4004,train
4005,test
4006,train
4007,train
4008,train
4009,train
4010,train
4011,train
4012,train
4013,val
4014,train
4015,val
4016,train
4017,val
4018,train
4019,val
4020,train
4021,test
4022,train
4023,train
4025,train
4026,train
4027,train
4028,train
4029,test
4030,train
4031,train
4032,val
4033,train
4034,train
4035,val
4036,train
4037,train
4038,train
4039,train
4040,train
4041,train
4042,val
4043,train
4044,val
4045,train
4046,train
4047,val
4048,val
4049,train
4050,train
4051,train
4052,train
4053,val
4054,train
4055,train
4056,train
4057,train
4058,test
4059,train
4060,train
4061,train
4062,train
4063,train
4064,train
4065,train
4066,train
4067,test
4068,train
4069,val
4070,train
4071,test
4072,val
4073,train
4074,train
4075,train
4076,train
4077,train
4078,train
4079,train
4080,test
4081,train
4082,train
4083,train
4084,train
4085,train
4086,train
4087,test
4088,train
4089,train
4090,train
4091,train
4092,val
4093,train
4094,train
4095,test
4096,test
4097,train
4098,test
4099,test
4100,test
4101,train
4102,train
4103,train
4104,train
4105,test
4106,train
4107,val
4108,train
4109,train
4110,train
4111,train
4112,train
4113,test
4114,train
4115,train
4116,val
4117,train
4118,train
4119,test
4120,test
4121,train
4122,train
4123,train
4124,train
4125,train
4126,val
4127,train
4128,train
4129,test
4130,val
4131,val
4132,train
4133,test
4134,val
4135,test
4136,train
4137,test
4138,test
4139,train
4140,train
4141,train
4142,train
4143,train
4144,train
4145,train
4146,train
4147,train
4148,test
4149,train
4150,test
4151,train
4152,test
4153,test
4154,test
4155,train
4156,train
4157,train
4158,train
4159,train
4160,test
4161,train
4162,val
4163,train
4164,val
4165,train
4166,val
4167,train
4168,train
4169,train
4170,train
4171,train
4172,train
4173,val
4174,train
4175,train
4176,train
4177,train
4178,train
4179,val
4180,test
4182,train
4183,test
4184,val
4185,test
4186,val
4187,train
4188,train
4189,train
4190,train
4191,val
4192,train
4193,train
4194,train
4195,test
4196,val
4197,train
4198,train
4199,test
4201,test
4202,test
4203,val
4204,val
4205,val
4206,test
4207,test
4208,train
4209,test
4210,train
4211,train
4212,train
4213,train
4214,train
4215,test
4216,train
4217,train
4218,train
4219,test
4220,train
4221,train
4222,train
4223,train
4224,test
4225,train
4226,train
4227,train
4228,test
4229,val
4230,train
4231,train
4232,test
4233,train
4234,test
4235,train
4236,train
4237,train
4238,test
4239,test
4240,train
4241,val
4242,train
4243,train
4244,val
4245,train
4246,val
4247,val
4248,train
4249,train
4250,train
4251,train
4252,train
4253,val
4254,train
4255,test
4256,train
4257,test
4258,val
4259,train
4260,val
4261,train
4262,train
4263,train
4264,val
4265,train
4266,train
4267,train
4268,train
4269,test
4270,train
4272,train
4273,train
4274,train
4275,train
4276,train
4277,train
4278,train
4279,train
4280,train
4281,test
4282,val
4283,test
4284,val
4285,train
4286,val
4287,val
4288,val
4289,train
4290,train
4291,train
4292,val
4293,train
4294,val
4296,train
4297,train
4298,train
4299,val
4300,test
4301,test
4302,train
4303,train
4304,train
4305,train
4306,train
4307,val
4308,train
4309,test
4310,val
4311,val
4312,test
4313,train
4314,val
4315,train
4316,train
4317,test
4318,test
4319,train
4320,train
4321,train
4322,train
4323,train
4324,train
4325,val
4326,train
4327,train
4328,train
4329,val
4330,train
4331,train
4332,train
4333,train
4334,train
4335,train
4336,train
4337,train
4338,train
4339,train
4340,train
4341,train
4342,test
4343,val
4344,train
4345,train
4346,val
4347,val
4349,val
4350,train
4352,train
4353,val
4354,train
4355,train
4356,train
4357,train
4358,train
4359,train
4360,test
4362,train
4363,train
4364,train
4365,val
4366,train
4367,train
4368,train
4369,test
4370,test
4371,train
4372,train
4373,test
4374,train
4375,train
4376,val
4377,train
4378,train
4379,train
4380,train
4381,train
4382,train
4383,train
4384,val
4385,train
4386,test
4387,val
4388,test
4389,train
4390,train
4391,val
4392,train
4393,test
4394,train
4395,train
4396,train
4397,train
4398,train
4399,test
4400,train
4401,test
4402,val
4403,train
4404,train
4405,train
4406,train
4407,train
4408,train
4409,train
4410,train
4411,train
4412,train
4413,train
4414,train
4415,train
4416,val
4417,val
4418,val
4419,test
4420,test
4421,train
4422,train
4423,test
4424,val
4425,train
4426,test
4427,train
4428,val
4429,train
4430,train
4431,train
4432,val
4433,train
4434,test
4435,test
4436,train
4437,train
4438,train
4439,test
4440,val
4441,train
4442,test
4443,train
4444,val
4445,test
4446,train
4447,val
4448,train
4449,train
4450,train
4451,train
4452,val
4453,test
4454,train
4456,train
4457,train
4458,train
4459,train
4460,train
4461,train
4462,train
4463,test
4464,val
4465,val
4466,test
4467,train
4468,train
4469,train
4470,train
4471,train
4472,train
4473,test
4474,train
4475,train
4476,train
4477,val
4478,val
4479,train
4480,train
4481,train
4482,test
4483,train
4484,train
4485,train
4486,train
4487,val
4488,train
4489,train
4490,train
4491,train
4492,train
4493,val
4494,train
4495,val
4496,train
4497,train
4498,val
4499,train
4500,train
4501,train
4502,val
4503,train
4504,train
4505,val
4506,train
4507,val
4508,train
4509,train
4510,train
4511,val
4512,train
4513,test
4514,train
4515,test
4516,train
4517,test
4518,test
4519,train
4520,train
4521,train
4522,test
4523,train
4524,train
4525,train
4526,train
4527,train
4528,train
4529,train
4530,train
4531,train
4532,val
4533,val
4534,train
4535,train
4536,train
4537,train
4538,train
4539,val
4540,test
4541,val
4542,train
4543,train
4544,train
4545,train
4546,val
4547,train
4548,train
4549,train
4550,train
4551,train
4552,train
4553,train
4554,train
4555,train
4556,train
4557,train
4558,train
4559,test
4560,val
4561,train
4563,train
4564,train
4565,train
4566,train
4567,test
4568,train
4569,train
4570,test
4571,test
4572,train
4573,train
4574,train
4575,train
4576,train
4577,val
4578,test
4579,train
4580,train
4581,test
4582,test
4583,train
4584,train
4585,train
4586,train
4587,val
4588,val
4589,test
4590,train
4591,train
4592,train
4593,train
4594,train
4595,train
4596,train
4597,train
4598,val
4599,train
4600,train
4601,train
4602,train
4603,train
4604,train
4605,train
4606,train
4607,test
4608,train
4609,train
4610,val
4611,train
4612,test
4613,train
4614,train
4615,train
4616,train
4617,train
4618,train
4619,train
4620,train
4621,train
4622,train
4623,train
4624,train
4625,test
4626,train
4627,val
4628,train
4629,train
4630,train
4631,train
4632,train
4633,train
4634,val
4635,train
4636,train
4637,train
4638,train
4639,train
4640,train
4641,train
4642,train
4643,train
4644,train
4645,train
4646,train
4647,train
4648,train
4649,train
4650,train
4651,val
4652,train
4653,train
4654,val
4655,test
4656,train
4657,test
4658,val
4659,val
4660,train
4661,train
4662,train
4663,train
4664,train
4665,train
4666,train
4667,train
4668,train
4669,train
4670,train
4671,test
4672,train
4673,train
4674,train
4675,train
4676,train
4677,test
4678,test
4679,train
4680,train
4681,train
4682,train
4683,test
4684,test
4685,train
4686,train
4687,val
4688,val
4689,train
4690,test
4691,train
4692,val
4693,train
4694,train
4695,train
4696,train
4697,val
4698,val
4699,val
4700,train
4701,train
4702,train
4703,val
4704,train
4705,train
4706,train
4707,train
4708,train
4709,train
4710,val
4711,train
4712,train
4713,train
4714,test
4715,test
4716,train
4717,train
4718,val
4719,val
4720,train
4721,train
4722,val
4723,test
4724,test
4725,val
4726,test
4727,train
4728,train
4729,train
4730,train
4731,train
4732,test
4733,train
4734,test
4735,train
4736,train
4737,train
4738,train
4739,test
4740,val
4741,train
4742,train
4743,train
4744,train
4745,train
4746,train
4747,val
4748,train
4749,val
4750,test
4751,train
4752,train
4753,val
4754,test
4755,train
4756,train
4757,train
4758,val
4759,train
4760,val
4761,train
4762,train
4763,train
4764,train
4765,val
4766,test
4767,train
4768,test
4769,train
4770,val
4771,train
4772,train
4773,train
4774,train
4775,train
4776,test
4777,train
4778,train
4780,val
4781,val
4782,train
4783,test
4784,val
4785,val
4786,val
4787,train
4788,val
4789,train
4790,val
4791,train
4792,train
4793,train
4794,train
4795,train
4796,train
4797,train
4798,test
4799,train
4800,train
4801,train
4802,train
4803,train
4804,test
4805,train
4806,val
4807,train
4808,train
4809,val
4810,train
4811,train
4812,test
4813,train
4814,train
4815,train
4816,train
4817,val
4818,train
4819,train
4820,train
4821,train
4822,train
4823,train
4824,train
4825,train
4826,train
4828,train
4829,train
4830,train
4831,train
4832,train
4833,val
4834,train
4835,train
4836,test
4837,train
4838,train
4839,test
4841,val
4842,test
4843,train
4844,val
4845,train
4846,train
4847,train
4848,test
4849,train
4850,train
4851,train
4852,train
4853,train
4854,train
4855,train
4856,test
4857,train
4858,test
4859,test
4860,train
4861,test
4862,train
4863,train
4864,train
4865,train
4866,train
4867,train
4868,train
4869,train
4870,train
4871,train
4872,train
4873,train
4874,train
4875,val
4876,train
4877,train
4878,train
4879,train
4880,train
4881,val
4882,val
4883,val
4884,train
4885,train
4886,train
4887,train
4888,test
4889,train
4890,train
4891,train
4892,train
4893,val
4894,train
4895,train
4896,train
4897,train
4898,test
4899,test
4900,val
4901,train
4902,train
4903,val
4904,train
4905,train
4906,val
4907,val
4908,val
4909,train
4910,train
4911,val
4912,val
4913,train
4914,train
4915,train
4916,train
4917,train
4918,train
4919,train
4920,val
4921,train
4922,train
4923,train
4924,train
4925,train
4926,val
4927,train
4928,test
4929,val
4930,train
4931,test
4932,train
4933,train
4934,train
4935,train
4936,train
4937,train
4938,val
4939,train
4940,test
4941,train
4942,train
4943,train
4944,train
4945,train
4946,train
4947,train
4948,train
4949,test
4950,train
4951,val
4952,val
4953,train
4954,train
4955,val
4956,train
4957,train
4958,val
4959,val
4960,train
4961,train
4962,train
4963,train
4964,train
4965,train
4966,train
4967,test
4968,test
4969,test
4970,train
4971,train
4972,val
4973,train
4974,train
4975,train
4976,train
4977,test
4978,train
4979,test
4980,val
4981,test
4982,test
4983,train
4984,train
4985,test
4986,test
4987,train
4988,train
4989,train
4990,train
4991,val
4992,val
4993,train
4994,train
4995,train
4996,train
4997,train
4998,train
4999,train
5000,train
5001,train
5002,train
5003,train
5004,train
5005,val
5006,train
5007,train
5008,test
5010,train
5011,val
5012,train
5013,train
5014,train
5015,val
5016,train
5017,train
5018,train
5020,train
5021,train
5022,train
5023,train
5024,val
5025,train
5026,train
5027,train
5028,train
5029,train
5030,train
5031,train
5032,train
5033,train
5034,train
5035,train
5036,train
5037,val
5038,train
5039,train
5040,train
5041,test
5042,train
5043,train
5044,train
5045,train
5046,train
5047,train
5048,train
5049,train
5050,train
5051,train
5052,train
5053,train
5054,train
5055,val
5056,train
5057,train
5058,test
5059,test
5060,train
5061,val
5062,test
5063,test
5064,train
5065,train
5066,train
5068,val
5069,train
5070,test
5071,train
5072,train
5073,train
5074,train
5075,test
5076,train
5077,val
5078,test
5079,train
5080,train
5081,test
5082,test
5083,train
5084,test
5085,train
5086,test
5087,train
5088,test
5089,train
5090,val
5091,train
5092,train
5093,train
5094,val
5095,test
5096,train
5097,train
5098,train
5099,test
5100,val
5101,train
5102,train
5103,train
5104,train
5105,val
5106,train
5107,train
5108,train
5109,train
5110,train
5111,train
5112,train
5113,train
5114,train
5115,train
5116,train
5117,train
5118,train
5119,val
5120,train
5121,train
5122,test
5123,val
5124,train
5125,val
5126,train
5127,val
5128,train
5129,val
5130,train
5131,train
5132,train
5133,val
5134,train
5135,train
5136,val
5137,val
5138,train
5139,train
5140,train
5141,train
5142,test
5143,train
5145,test
5146,train
5147,test
5148,train
5149,train
5150,train
5151,train
5152,test
5153,train
5154,val
5155,val
5156,train
5157,test
5158,train
5159,train
5160,test
5161,train
5162,train
5163,train
5164,val
5165,train
5166,train
5167,train
5168,train
5169,train
5170,train
5171,train
5172,train
5173,train
5174,test
5175,train
5176,train
5177,train
5178,train
5179,test
5180,train
5181,train
5182,train
5183,train
5184,train
5185,train
5186,train
5187,val
5188,train
5189,train
5190,train
5191,train
5192,test
5193,val
5194,train
5195,val
5196,train
5197,val
5198,test
5199,test
5200,train
5201,train
5202,train
5203,train
5204,train
5205,train
5206,train
5207,train
5208,test
5209,train
5210,train
5211,train
5212,train
5213,train
5214,train
5215,train
5216,train
5217,train
5218,test
5219,train
5220,train
5221,train
5222,train
5223,val
5224,train
5225,train
5226,train
5227,train
5228,train
5229,train
5230,train
5231,test
5232,train
5233,train
5234,train
5235,train
5236,train
5237,val
5238,val
5239,test
5240,train
5241,train
5242,test
5243,train
5244,train
5245,train
5246,train
5247,train
5248,train
5249,train
5250,train
5251,train
5252,val
5253,train
5254,train
5255,train
5256,test
5257,train
5258,train
5259,train
5260,train
5261,train
5262,val
5263,train
5264,train
5265,train
5266,train
5267,train
5268,train
5269,train
5270,train
5271,train
5272,test
5273,train
5274,test
5275,train
5276,test
5277,train
5278,val
5279,val
5280,train
5281,train
5282,test
5283,train
5284,train
5285,train
5286,train
5287,train
5288,train
5289,train
5290,train
5291,val
5292,train
5293,train
5294,train
5295,train
5296,train
5297,val
5298,train
5299,train
5300,train
5301,train
5302,train
5303,train
5304,test
5305,train
5306,train
5307,test
5308,test
5309,train
5310,train
5311,train
5312,train
5313,test
5314,train
5315,train
5316,val
5317,train
5318,train
5319,train
5320,train
5321,val
5322,train
5323,test
5324,val
5325,train
5326,train
5327,train
5328,train
5329,train
5330,test
5331,train
5333,train
5334,train
5335,val
5336,val
5337,train
5338,val
5339,train
5340,train
5341,test
5342,val
5343,train
5344,train
5345,train
5346,train
5347,train
5348,train
5349,val
5350,train
5351,val
5352,train
5353,train
5354,train
5355,train
5356,train
5357,val
5358,train
5359,train
5360,train
5361,train
5362,train
5363,train
5364,train
5365,val
5366,train
5367,val
5368,train
5369,val
5370,train
5371,train
5372,train
5373,train
5374,train
5375,train
5376,train
5377,test
5378,train
5379,train
5380,train
5382,val
5383,val
5384,train
5385,train
5386,train
5387,train
5388,train
5389,train
5390,test
5391,train
5392,train
5393,train
5394,test
5395,train
5396,val
5397,train
5398,val
5399,test
5400,train
5401,val
5402,train
5403,train
5404,train
5405,train
5406,val
5407,train
5408,test
5409,test
5410,train
5411,test
5412,train
5413,val
5414,val
5415,val
5416,train
5417,train
5418,train
5419,train
5420,test
5421,train
5422,train
5423,val
5424,val
5425,train
5426,test
5427,train
5428,test
5429,train
5430,train
5431,train
5432,val
5433,train
5434,train
5435,train
5436,train
5437,train
5439,test
5440,test
5441,train
5442,train
5444,train
5445,train
5446,val
5447,test
5448,train
5449,test
5450,val
5451,train
5452,test
5453,train
5454,train
5455,train
5456,train
5457,val
5458,val
5459,train
5460,train
5461,train
5462,train
5463,train
5464,val
5465,train
5466,train
5467,train
5468,train
5469,train
5470,train
5471,test
5472,test
5473,train
5474,train
5475,train
5476,test
5477,test
5478,test
5479,val
5480,train
5481,train
5482,train
5483,test
5484,train
5485,train
5486,train
5487,val
5488,val
5489,train
5490,train
5491,train
5492,test
5493,train
5494,train
5495,train
5496,val
5497,train
5498,test
5499,train
5500,train
5501,train
5502,train
5503,train
5504,train
5505,train
5506,train
5507,train
5508,train
5509,train
5510,train
5511,val
5512,val
5513,train
5514,train
5515,val
5516,train
5517,test
5518,train
5519,train
5520,train
5521,train
5522,train
5523,val
5524,val
5525,val
5527,val
5528,train
5529,val
5530,val
5531,train
5532,train
5533,train
5534,train
5535,train
5536,val
5537,val
5538,train
5539,train
5540,train
5541,val
5542,test
5543,train
5544,val
5545,train
5546,test
5547,train
5548,val
5549,train
5550,val
5551,train
5552,train
5553,train
5554,train
5555,train
5556,test
5557,val
5558,train
5559,train
5560,val
5561,train
5562,test
5563,train
5564,train
5565,val
5566,train
5567,train
5569,val
5570,train
5571,train
5572,test
5573,train
5574,train
5575,train
5576,test
5577,test
5579,test
5580,train
5581,train
5582,train
5583,train
5584,test
5585,train
5586,train
5587,train
5588,train
5589,train
5590,train
5591,test
5592,train
5593,train
5594,train
5595,train
5596,train
5597,train
5598,train
5599,train
5600,train
5601,train
5602,train
5603,train
5604,train
5605,train
5606,test
5607,val
5608,train
5609,train
5610,test
5611,train
5612,test
5613,train
5614,train
5615,train
5616,train
5617,train
5618,train
5619,train
5620,val
5621,test
5622,train
5623,train
5624,train
5625,val
5626,test
5627,train
5628,train
5629,test
5630,val
5631,train
5632,train
5633,val
5634,train
5635,train
5636,train
5637,train
5638,train
5639,train
5640,train
5641,test
5642,train
5643,train
5644,train
5645,train
5646,train
5647,train
5648,train
5649,train
5650,train
5651,train
5652,train
5653,train
5654,train
5655,train
5656,train
5657,train
5658,train
5659,train
5660,train
5661,test
5662,train
5663,train
5664,train
5665,train
5666,train
5667,train
5668,train
5669,test
5670,train
5671,train
5672,val
5673,train
5674,train
5675,train
5676,train
5677,train
5678,train
5679,train
5680,test
5681,train
5682,val
5683,train
5684,test
5685,train
5686,train
5687,train
5688,train
5689,train
5690,val
5691,test
5692,train
5693,train
5694,test
5695,train
5696,test
5697,test
5698,test
5699,test
5700,train
5701,val
5702,train
5703,test
5704,train
5705,train
5706,train
5707,train
5708,test
5709,train
5710,val
5711,train
5712,train
5713,test
5714,test
5715,train
5716,train
5717,test
5718,test
5719,train
5720,train
5721,train
5722,val
5723,val
5724,train
5725,train
5726,train
5727,test
5728,train
5729,val
5730,train
5731,train
5732,train
5733,test
5735,train
5736,train
5737,test
5738,train
5739,val
5740,train
5741,train
5742,val
5743,test
5744,train
5745,test
5746,train
5747,train
5748,train
5749,train
5751,val
5752,train
5753,train
5754,train
5755,train
5756,test
5757,val
5758,train
5759,train
5760,test
5761,test
5762,test
5763,val
5764,train
5765,val
5766,val
5767,val
5768,test
5769,train
5770,train
5771,train
5772,train
5773,test
5774,train
5775,train
5776,test
5777,train
5778,train
5779,val
5780,train
5781,train
5782,train
5783,train
5784,train
5785,train
5786,train
5787,train
5788,train
5789,train
5790,train
5791,test
5792,train
5793,train
5794,train
5795,test
5796,test
5797,val
5798,train
5799,test
5800,train
5801,train
5802,train
5803,train
5804,train
5805,train
5806,train
5807,test
5808,val
5809,train
5810,test
5811,train
5813,train
5814,train
5815,train
5816,train
5817,train
5818,train
5819,val
5820,test
5821,val
5822,train
5823,test
5824,train
5825,train
5826,train
5827,train
5828,val
5829,train
5830,train
5831,train
5832,train
5833,train
5834,test
5835,train
5836,train
5837,train
5838,train
5839,val
5840,train
5841,train
5842,train
5843,train
5844,train
5845,train
5846,train
5847,val
5848,val
5849,test
5850,train
5851,val
5852,train
5854,train
5855,val
5856,train
5857,train
5858,train
5859,train
5860,train
5861,train
5862,train
5863,train
5864,train
5865,test
5866,train
5867,train
5868,test
5869,train
5870,train
5871,train
5872,train
5873,val
5874,train
5875,train
5876,val
5877,test
5878,train
5880,train
5881,train
5882,val
5883,train
5884,train
5885,train
5886,test
5887,train
5888,train
5889,train
5890,train
5891,train
5892,train
5893,test
5895,train
5896,train
5897,train
5898,train
5899,test
5900,train
5901,train
5902,val
5903,train
5904,train
5905,train
5906,val
5907,train
5908,train
5909,train
5910,train
5911,train
5913,train
5914,train
5915,train
5916,test
5917,test
5918,train
5919,val
5920,test
5921,train
5922,train
5923,val
5924,val
5925,train
5926,test
5927,test
5928,train
5929,train
5930,test
5931,train
5932,train
5933,train
5934,train
5935,test
5936,val
5937,test
5938,train
5939,train
5940,train
5941,train
5942,train
5943,val
5944,train
5945,train
5946,train
5947,train
5948,train
5949,train
5950,train
5951,train
5952,train
5953,train
5954,train
5955,train
5956,train
5957,train
5958,train
5959,train
5960,train
5961,val
5962,test
5963,train
5964,test
5965,test
5966,train
5967,val
5968,train
5969,train
5970,train
5971,val
5972,train
5973,val
5974,train
5975,train
5976,train
5977,train
5978,train
5979,val
5980,test
5981,test
5982,train
5983,train
5984,val
5985,train
5986,train
5987,val
5988,train
5989,train
5990,train
5991,test
5992,train
5993,test
5994,train
5995,train
5996,train
5997,train
5998,train
5999,test
6000,train
6001,train
6002,val
6003,test
6004,train
6005,train
6006,val
6007,val
6008,test
6009,train
6010,train
6011,val
6012,test
6013,train
6014,train
6015,train
6016,train
6017,train
6018,train
6019,train
6020,train
6021,train
6022,test
6023,train
6024,val
6025,train
6026,train
6027,test
6028,train
6029,train
6030,train
6031,train
6032,train
6033,train
6034,train
6035,train
6036,train
6037,val
6038,val
6039,train
6040,train
6041,train
6042,train
6043,train
6044,train
6045,val
6046,val
6047,val
6048,train
6049,train
6050,train
6051,test
6052,train
6053,train
6054,train
6055,train
6056,train
6057,train
6058,val
6059,train
6060,train
6061,val
6062,train
6063,val
6064,train
6065,train
6066,train
6067,test
6068,train
6069,train
6070,train
6071,train
6072,train
6073,test
6074,train
6075,val
6076,val
6077,train
6078,train
6079,train
6080,val
6081,train
6082,train
6083,train
6084,val
6085,train
6086,test
6087,train
6088,val
6089,train
6090,train
6091,train
6092,train
6093,train
6094,train
6095,val
6096,test
6097,train
6098,val
6099,train
6100,train
6101,train
6102,val
6103,train
6104,train
6105,test
6106,train
6107,train
6108,train
6109,val
6110,test
6111,train
6112,val
6113,test
6114,train
6115,val
6116,train
6117,train
6118,test
6119,train
6120,test
6121,val
6122,train
6123,train
6124,train
6125,test
6126,train
6127,test
6128,val
6129,train
6130,train
6131,train
6132,train
6133,train
6134,val
6135,train
6136,train
6137,train
6138,train
6139,train
6140,train
6141,train
6142,train
6143,train
6145,train
6146,train
6147,train
6148,val
6149,train
6150,val
6151,val
6152,train
6153,train
6154,train
6155,val
6156,train
6157,train
6158,train
6159,train
6160,train
6161,train
6162,train
6163,test
6164,test
6165,train
6166,test
6167,train
6168,val
6169,train
6170,train
6171,train
6172,test
6173,test
6174,train
6175,train
6176,train
6177,train
6178,train
6179,train
6180,train
6181,test
6182,train
6183,test
6184,train
6185,train
6186,train
6187,train
6188,train
6189,train
6190,test
6191,train
6193,test
6194,train
6195,train
6196,train
6197,train
6198,train
6200,val
6201,train
6202,train
6203,train
6204,val
6205,train
6206,train
6207,test
6208,train
6209,test
6210,train
6211,train
6212,train
6213,val
6214,train
6215,train
6216,test
6217,test
6218,test
6219,train
6220,val
6221,train
6222,val
6223,train
6224,val
6225,test
6226,val
6227,train
6228,train
6229,test
6230,train
6231,train
6232,train
6233,val
6234,train
6235,test
6236,train
6237,test
6238,test
6239,train
6240,train
6241,train
6242,train
6243,val
6244,train
6245,val
6246,train
6247,train
6248,val
6249,train
6250,train
6251,train
6252,train
6253,val
6254,train
6255,train
6256,train
6257,test
6258,train
6259,train
6260,train
6261,test
6262,train
6263,train
6264,val
6266,train
6267,train
6268,train
6269,test
6270,train
6271,train
6272,test
6273,train
6274,train
6275,train
6276,train
6277,train
6278,test
6279,val
6280,train
6281,train
6282,test
6283,train
6284,train
6285,train
6286,test
6287,train
6288,train
6289,train
6290,train
6291,train
6292,test
6293,train
6294,val
6295,train
6296,val
6297,train
6298,train
6299,train
6300,train
6301,train
6302,train
6303,train
6304,train
6305,train
6306,train
6308,train
6309,train
6310,val
6311,train
6312,test
6313,val
6314,val
6315,train
6316,train
6317,val
6318,train
6319,train
6320,train
6321,test
6322,train
6323,test
6324,test
6325,train
6326,train
6327,train
6328,train
6329,train
6330,train
6331,train
6333,train
6334,train
6335,train
6336,train
6337,train
6338,train
6339,train
6340,test
6341,train
6342,train
6343,train
6344,train
6345,val
6346,train
6347,val
6348,train
6349,train
6350,train
6351,train
6352,val
6353,train
6354,train
6355,train
6356,train
6357,train
6358,test
6359,train
6360,train
6361,train
6362,train
6363,train
6364,train
6365,train
6366,train
6367,val
6368,val
6369,val
6370,train
6371,train
6372,train
6373,test
6374,train
6375,train
6376,train
6377,train
6378,train
6379,val
6380,train
6381,train
6382,train
6383,train
6384,train
6385,train
6386,train
6387,val
6388,test
6389,train
6390,train
6391,train
6392,train
6393,train
6394,train
6395,train
6396,train
6397,train
6398,train
6399,train
6400,train
6401,val
6402,train
6403,train
6404,test
6405,train
6406,val
6408,train
6409,test
6410,train
6411,train
6413,train
6414,train
6415,train
6416,test
6418,train
6419,train
6420,train
6421,train
6422,train
6423,train
6424,train
6425,train
6426,train
6427,train
6428,train
6429,train
6430,train
6431,train
6432,val
6433,test
6434,train
6435,train
6436,val
6437,train
6438,test
6439,train
6440,train
6441,train
6442,train
6443,train
6444,train
6445,val
6446,train
6447,train
6448,train
6449,train
6450,train
6451,train
6452,train
6453,train
6454,test
6455,train
6456,train
6457,train
6458,train
6459,train
6460,train
6461,train
6462,train
6463,train
6464,val
6465,train
6466,train
6467,train
6468,test
6469,train
6471,train
6472,val
6473,train
6474,train
6475,train
6476,train
6477,train
6478,train
6479,train
6480,test
6481,train
6482,train
6483,train
6484,test
6485,train
6486,train
6487,train
6488,test
6489,train
6490,train
6491,train
6492,train
6493,train
6494,test
6495,train
6496,train
6497,train
6498,test
6499,train
6500,train
6501,train
6502,val
6503,val
6504,train
6505,val
6506,train
6507,train
6508,train
6509,test
6510,train
6511,train
6512,val
6513,train
6514,train
6515,val
6516,train
6517,val
6518,train
6519,test
6520,train
6521,train
6522,train
6523,train
6524,train
6525,val
6526,train
6527,train
6528,val
6529,train
6530,train
6531,train
6532,train
6533,train
6534,train
6535,val
6536,val
6537,train
6538,train
6539,train
6540,val
6541,val
6542,train
6543,train
6544,train
6546,train
6547,train
6548,train
6549,train
6550,train
6551,train
6552,test
6553,train
6554,train
6555,train
6556,train
6557,train
6558,train
6559,train
6560,train
6561,train
6562,test
6563,train
6564,train
6565,train
6566,test
6567,val
6568,train
6569,train
6570,train
6571,train
6572,train
6573,train
6574,val
6575,val
6576,val
6577,train
6578,test
6579,train
6580,train
6581,test
6582,train
6583,train
6584,train
6585,test
6586,train
6587,train
6588,test
6589,train
6590,train
6591,val
6592,test
6593,train
6594,train
6595,train
6596,train
6597,train
6598,train
6599,train
6600,train
6601,val
6602,train
6603,train
6605,train
6606,train
6607,train
6608,train
6609,train
6610,train
6611,val
6612,train
6613,train
6614,train
6615,test
6616,test
6617,val
6618,val
6619,test
6620,val
6621,train
6622,train
6623,train
6624,train
6625,train
6626,train
6627,train
6629,train
6630,train
6631,train
6632,train
6633,train
6634,train
6635,train
6636,val
6637,train
6638,train
6639,test
6640,train
6641,train
6642,val
6643,test
6644,test
6645,test
6646,train
6647,train
6648,train
6649,train
6650,train
6651,train
6652,test
6653,train
6654,train
6655,train
6656,test
6657,train
6658,val
6660,train
6661,val
6662,train
6663,train
6664,train
6665,test
6666,train
6667,train
6668,train
6669,train
6670,val
6671,test
6672,train
6673,train
6674,test
6675,train
6676,train
6677,val
6678,test
6679,train
6680,train
6681,train
6682,test
6683,val
6684,train
6685,val
6686,train
6687,train
6688,train
6689,train
6690,val
6691,train
6692,train
6693,test
6694,train
6695,train
6696,train
6697,train
6698,train
6699,test
6700,val
6701,train
6702,test
6703,train
6704,train
6705,train
6706,train
6707,train
6708,train
6709,train
6710,train
6711,train
6712,train
6713,train
6714,train
6715,train
6716,train
6717,train
6718,train
6719,train
6720,train
6721,train
6722,val
6723,train
6724,test
6725,train
6726,val
6727,val
6728,train
6729,test
6730,train
6732,val
6733,train
6734,test
6735,val
6736,val
6737,train
6738,train
6739,train
6740,train
6741,train
6742,train
6743,train
6744,train
6745,train
6746,train
6747,test
6748,train
6749,train
6750,train
6751,train
6752,train
6753,train
6754,train
6755,test
6756,train
6757,test
6758,train
6759,train
6760,train
6762,train
6763,train
6764,train
6765,val
6766,train
6767,train
6768,val
6769,train
6770,val
6771,train
6772,train
6773,train
6774,train
6775,train
6776,train
6777,train
6778,val
6779,train
6780,val
6781,train
6782,train
6783,train
6784,train
6785,val
6786,train
6787,train
6788,train
6789,train
6790,val
6791,train
6792,train
6793,val
6794,train
6795,test
6796,test
6797,val
6798,train
6799,test
6800,train
6801,val
6802,val
6803,test
6804,train
6805,train
6806,val
6807,val
6808,test
6809,test
6810,train
6811,train
6812,train
6813,train
6814,val
6815,train
6816,train
6817,train
6818,train
6819,train
6820,val
6821,train
6822,train
6823,train
6824,train
6825,train
6826,train
6827,test
6828,train
6829,test
6830,train
6831,val
6832,train
6833,val
6834,train
6835,test
6836,train
6837,val
6838,train
6839,train
6840,train
6841,val
6842,train
6843,train
6844,train
6845,train
6846,test
6847,train
6848,test
6849,val
6850,test
6851,val
6852,train
6853,test
6855,val
6856,train
6857,train
6858,train
6859,val
6860,test
6861,train
6862,test
6863,train
6864,train
6865,test
6866,train
6867,val
6868,train
6869,test
6870,train
6871,train
6872,train
6873,train
6874,train
6875,train
6876,train
6877,train
6878,train
6879,test
6880,train
6881,val
6882,val
6884,train
6885,test
6886,train
6887,val
6888,val
6889,train
6890,train
6891,test
6892,train
6893,val
6894,train
6895,train
6896,train
6897,val
6898,val
6899,val
6900,train
6901,train
6902,test
6903,train
6904,train
6905,test
6906,test
6907,train
6908,train
6909,val
6910,train
6911,val
6912,train
6913,train
6914,test
6915,train
6916,train
6917,test
6918,train
6919,val
6920,train
6921,train
6922,test
6923,val
6924,test
6925,train
6926,val
6927,train
6928,train
6929,train
6930,train
6931,train
6932,train
6933,train
6934,train
6935,train
6936,test
6937,val
6938,train
6939,train
6940,train
6941,val
6942,train
6943,train
6945,train
6946,train
6947,test
6948,test
6949,val
6950,test
6951,train
6952,train
6953,train
6954,train
6955,train
6956,train
6957,train
6958,train
6959,train
6960,val
6961,train
6962,train
6963,train
6964,train
6965,train
6966,val
6967,train
6968,train
6969,train
6970,train
6971,test
6972,train
6973,train
6974,train
6975,train
6976,train
6977,train
6978,train
6979,test
6980,test
6981,train
6982,test
6983,train
6984,train
6985,train
6986,train
6987,val
6988,val
6990,train
6991,train
6992,test
6993,train
6994,train
6995,val
6996,val
6997,test
6998,train
6999,test
7000,train
7001,train
7003,test
7004,train
7005,train
7006,train
7007,val
7008,test
7009,train
7010,val
7011,train
7012,train
7013,train
7014,test
7015,train
7017,train
7018,train
7019,train
7020,test
7021,train
7022,train
7023,test
7024,val
7025,val
7026,test
7027,train
7028,train
7029,val
7030,val
7031,train
7032,train
7033,val
7034,train
7035,train
7036,val
7037,val
7038,train
7039,train
7040,test
7041,train
7042,val
7043,train
7044,train
7045,test
7046,train
7047,test
7048,train
7049,train
7050,val
7051,train
7052,train
7053,val
7054,train
7055,train
7056,train
7057,train
7058,train
7059,train
7060,test
7061,train
7062,train
7063,test
7064,val
7065,train
7066,test
7067,train
7068,train
7070,train
7071,train
7072,val
7073,val
7074,train
7075,train
7076,val
7077,train
7078,train
7079,val
7080,test
7081,test
7082,train
7083,train
7084,test
7085,train
7086,train
7087,train
7088,train
7089,train
7090,train
7091,train
7092,train
7093,val
7094,test
7095,train
7096,val
7097,train
7098,val
7099,train
7100,train
7101,train
7102,test
7103,val
7104,train
7105,train
7106,val
7107,val
7108,train
7109,train
7110,train
7112,train
7113,train
7114,val
7115,val
7116,test
7117,val
7118,train
7119,train
7120,train
7121,test
7122,train
7123,train
7124,train
7125,train
7126,train
7127,train
7128,train
7129,test
7130,train
7131,test
7132,train
7133,train
7134,train
7135,train
7136,train
7137,train
7138,val
7139,val
7140,train
7141,train
7142,train
7143,val
7144,train
7145,train
7146,train
7147,test
7148,train
7149,val
7150,train
7151,val
7152,train
7153,test
7154,train
7155,train
7156,train
7157,train
7158,test
7159,train
7160,train
7161,train
7162,test
7163,train
7164,train
7165,test
7166,train
7167,train
7168,test
7169,train
7170,train
7171,train
7172,test
7173,test
7174,test
7175,train
7176,train
7177,val
7178,val
7179,val
7180,train
7181,train
7182,train
7183,val
7184,train
7185,train
7186,train
7187,train
7188,train
7189,test
7190,train
7191,train
7192,train
7193,train
7194,val
7195,train
7196,train
7197,val
7198,train
7199,val
7200,train
7201,train
7202,train
7203,test
7204,train
7205,train
7206,test
7207,test
7208,train
7209,train
7210,val
7211,test
7212,val
7213,train
7214,train
7215,train
7216,train
7217,train
7218,train
7219,train
7220,val
7221,train
7222,test
7223,train
7224,train
7225,val
7226,train
7227,val
7228,train
7229,train
7230,test
7231,val
7232,test
7233,train
7234,train
7235,train
7236,train
7237,train
7238,train
7239,train
7240,train
7241,train
7242,train
7243,train
7244,val
7245,train
7246,test
7247,train
7248,train
7249,test
7250,train
7252,train
7253,train
7254,test
7255,train
7256,train
7257,train
7258,train
7259,train
7260,train
7261,train
7262,test
7263,test
7264,train
7265,train
7266,train
7267,train
7268,train
7269,test
7270,train
7271,test
7273,train
7274,train
7275,train
7276,train
7277,train
7278,train
7279,test
7280,train
7281,val
7282,train
7283,train
7284,val
7285,train
7286,train
7287,train
7288,train
7289,train
7290,val
7291,train
7292,test
7293,train
7294,train
7295,train
7296,val
7297,train
7299,train
7300,train
7301,test
7302,train
7303,train
7304,train
7305,train
7306,train
7307,train
7308,train
7309,val
7310,test
7311,train
7312,test
7313,train
7314,val
7315,train
7316,val
7317,train
7318,train
7319,train
7320,train
7321,train
7322,train
7323,train
7324,test
7325,train
7326,val
7327,train
7328,train
7329,train
7331,train
7332,train
7333,train
7334,train
7335,train
7337,train
7338,train
7339,train
7340,train
7341,train
7342,test
7343,train
7344,train
7345,train
7346,test
7347,val
7348,test
7349,test
7350,test
7351,train
7352,train
7353,test
7354,train
7355,val
7356,train
7357,train
7358,train
7359,test
7360,train
7361,train
7362,test
7363,train
7364,train
7365,test
7366,train
7367,train
7368,train
7369,train
7370,test
7371,val
7372,train
7373,train
7374,val
7375,val
7376,test
7377,train
7378,val
7379,train
7380,train
7381,train
7382,val
7383,train
7384,test
7385,train
7386,train
7387,test
7388,train
7389,train
7390,train
7391,test
7392,train
7393,train
7394,train
7395,test
7396,train
7397,train
7398,train
7399,train
7401,val
7402,train
7403,train
7404,train
7405,test
7406,train
7407,train
7408,train
7409,train
7410,test
7411,train
7412,train
7413,train
7414,train
7415,train
7416,val
7417,train
7418,train
7419,train
7420,train
7421,val
7422,train
7423,train
7424,val
7425,val
7426,val
7427,val
7428,train
7429,train
7430,train
7431,train
7432,train
7433,train
7434,train
7435,train
7436,val
7437,train
7438,train
7439,train
7440,train
7441,train
7442,val
7443,test
7444,train
7445,val
7446,train
7447,test
7448,train
7449,train
7450,train
7451,train
7452,val
7453,train
7454,test
7455,train
7456,train
7457,train
7458,test
7459,train
7460,train
7461,test
7462,train
7463,val
7464,test
7465,train
7466,val
7467,train
7468,train
7469,test
7470,train
7471,train
7472,test
7473,train
7474,train
7475,val
7476,val
7477,train
7478,train
7479,test
7480,val
7481,train
7482,train
7483,test
7484,train
7485,train
7486,train
7487,train
7488,train
7489,test
7491,train
7492,train
7493,train
7494,train
7495,train
7496,train
7497,train
7498,train
7499,train
7500,train
7501,train
7502,train
7503,train
7504,train
7505,val
7506,train
7507,train
7508,train
7509,val
7510,val
7511,train
7512,train
7513,train
7514,train
7515,train
7516,train
7517,train
7518,train
7519,train
7520,train
7521,train
7522,train
7523,val
7524,val
7525,train
7526,train
7527,train
7528,test
7529,train
7530,test
7531,test
7532,train
7533,val
7534,train
7535,train
7536,train
7537,val
7538,test
7539,test
7540,train
7541,train
7542,test
7543,train
7544,train
7545,train
7546,test
7547,test
7548,train
7549,train
7550,train
7551,test
7552,val
7553,train
7554,train
7555,train
7556,train
7557,train
7558,train
7559,val
7560,train
7561,train
7562,test
7563,train
7564,test
7565,test
7566,train
7567,train
7568,train
7569,train
7570,train
7571,train
7572,train
7573,test
7574,test
7575,train
7576,train
7577,train
7578,train
7579,train
7580,train
7581,val
7582,test
7583,train
7584,test
7585,train
7586,train
7587,train
7588,test
7589,train
7590,train
7591,train
7593,train
7594,val
7595,val
7596,test
7597,test
7598,train
7599,train
7600,train
7601,train
7602,train
7603,train
7604,train
7605,train
7606,train
7607,train
7608,val
7609,train
7610,train
7611,train
7612,test
7613,train
7614,train
7615,train
7616,train
7617,val
7618,train
7619,train
7620,train
7621,train
7622,train
7623,train
7624,train
7625,train
7626,train
7627,train
7628,train
7629,train
7630,test
7631,val
7632,train
7633,val
7634,train
7635,val
7636,train
7637,test
7638,train
7639,train
7640,train
7641,train
7642,test
7643,train
7644,test
7645,test
7646,val
7647,train
7648,train
7649,train
7650,train
7651,train
7652,train
7653,val
7654,train
7655,train
7656,train
7657,train
7658,train
7659,train
7660,train
7661,test
7662,val
7663,train
7664,train
7665,train
7666,train
7667,train
7668,train
7669,test
7670,train
7671,val
7672,test
7673,train
7674,train
7675,train
7676,test
7677,train
7678,train
7679,val
7680,train
7681,train
7682,train
7683,train
7684,train
7685,train
7686,val
7688,train
7689,train
7690,train
7691,val
7692,train
7693,val
7694,train
7695,train
7696,val
7697,train
7698,train
7699,val
7700,train
7701,train
7702,train
7703,val
7704,train
7705,train
7706,val
7707,train
7708,train
7709,train
7710,val
7711,val
7712,test
7713,train
7714,train
7715,val
7716,train
7717,train
7718,train
7719,train
7720,test
7721,train
7722,train
7723,test
7724,train
7725,train
7726,train
7727,train
7728,train
7729,val
7730,train
7731,train
7732,train
7733,train
7734,test
7735,val
7736,val
7737,train
7738,train
7739,train
7740,train
7741,train
7742,train
7743,train
7744,test
7745,val
7746,val
7747,val
7748,train
7749,train
7750,train
7751,train
7752,train
7753,test
7754,train
7755,train
7756,train
7758,train
7759,train
7760,train
7761,train
7762,train
7763,train
7764,train
7765,test
7766,train
7767,val
7768,train
7769,test
7770,train
7771,train
7772,test
7773,val
7775,train
7776,train
7777,train
7778,train
7779,train
7780,train
7781,train
7782,test
7783,train
7784,val
7785,train
7786,test
7787,train
7788,train
7789,val
7790,train
7791,val
7792,train
7793,test
7794,val
7795,train
7796,train
7797,train
7798,train
7799,train
7800,train
7801,val
7802,train
7803,train
7804,train
7805,val
7806,val
7807,train
7808,train
7809,train
7810,train
7812,train
7813,train
7814,test
7815,train
7816,train
7817,train
7818,val
7819,test
7820,train
7821,train
7822,val
7823,train
7824,train
7825,train
7826,train
7827,test
7828,train
7829,train
7830,test
7831,val
7832,train
7833,train
7834,test
7835,test
7836,train
7837,train
7838,train
7839,train
7840,train
7841,train
7842,val
7843,train
7844,test
7845,train
7846,train
7847,train
7848,train
7849,train
7850,val
7851,val
7852,train
7853,val
7854,test
7855,train
7856,train
7857,train
7858,train
7859,train
7860,train
7861,train
7862,test
7863,train
7864,val
7865,test
7866,train
7867,val
7868,train
7869,val
7870,test
7871,train
7872,val
7873,train
7874,train
7875,train
7876,val
7877,test
7878,train
7879,test
7880,train
7881,train
7882,train
7883,train
7884,test
7885,train
7886,train
7887,train
7888,test
7889,train
7890,test
7891,train
7892,train
7893,test
7894,train
7896,test
7897,train
7898,test
7899,train
7900,train
7901,test
7902,train
7903,train
7904,train
7905,train
7906,test
7907,train
7908,train
7909,val
7910,train
7911,train
7912,train
7913,train
7914,val
7915,train
7916,train
7917,train
7918,train
7919,test
7920,train
7921,train
7922,train
7923,train
7924,train
7925,val
7926,train
7927,val
7928,test
7929,test
7930,train
7931,test
7932,train
7933,train
7934,train
7935,train
7936,train
7937,test
7938,train
7939,train
7940,train
7941,train
7942,train
7943,val
7944,train
7945,train
7946,train
7947,train
7948,val
7949,train
7950,train
7951,train
7952,train
7953,train
7954,train
7955,train
7956,train
7957,train
7958,train
7959,train
7960,train
7961,test
7962,test
7963,val
7964,train
7965,test
7966,train
7967,train
7968,train
7969,train
7970,test
7971,train
7972,train
7973,train
7974,train
7975,val
7976,train
7977,train
7978,test
7979,train
7980,train
7981,train
7982,train
7983,val
7984,train
7985,train
7986,train
7987,test
7988,train
7989,train
7990,train
7991,train
7992,train
7993,val
7994,train
7995,test
7996,train
7997,val
7998,val
7999,train
8000,train
8001,train
8002,test
8003,test
8004,train
8005,train
8006,train
8007,val
8008,val
8009,train
8010,test
8011,test
8012,train
8013,val
8014,train
8015,train
8016,test
8017,train
8018,train
8019,train
8020,train
8021,test
8022,train
8023,train
8024,train
8025,train
8026,train
8027,test
8028,train
8029,train
8030,train
8031,val
8032,train
8033,train
8034,val
8035,train
8036,test
8037,train
8038,train
8039,test
8040,train
8041,val
8042,test
8043,test
8044,train
8045,train
8046,train
8047,test
8048,train
8049,val
8050,train
8051,train
8052,train
8053,train
8054,test
8055,train
8056,train
8057,val
8058,train
8059,train
8060,train
8061,train
8062,train
8063,train
8064,train
8065,train
8066,train
8067,train
8068,train
8069,train
8070,test
8071,train
8072,train
8073,train
8074,val
8075,val
8076,val
8077,val
8078,train
8079,val
8080,val
8081,test
8082,train
8083,train
8084,train
8085,train
8086,train
8087,val
8088,train
8089,train
8090,train
8091,test
8092,train
8093,train
8094,train
8095,train
8096,train
8097,test
8098,train
8099,train
8100,train
8101,train
8102,test
8103,train
8104,val
8105,train
8106,train
8107,val
8108,train
8110,train
8111,train
8112,train
8113,train
8114,train
8115,test
8116,train
8117,train
8118,val
8119,test
8120,train
8121,train
8122,train
8123,test
8124,train
8125,train
8126,train
8127,val
8128,train
8129,train
8130,train
8131,train
8132,train
8133,train
8134,train
8135,train
8136,train
8137,train
8138,train
8139,val
8140,test
8141,train
8142,train
8143,train
8144,train
8145,train
8146,train
8148,train
8149,val
8150,train
8151,train
8152,val
8153,train
8154,test
8155,train
8156,train
8157,train
8158,train
8159,train
8160,train
8161,train
8162,train
8163,train
8164,test
8165,train
8166,val
8167,test
8168,train
8169,train
8170,train
8171,val
8172,train
8173,train
8174,test
8175,test
8176,train
8177,train
8178,val
8179,val
8180,val
8181,train
8182,val
8183,test
8184,train
8185,train
8186,val
8187,test
8188,train
8189,train
8190,train
8191,train
8192,train
8193,test
8194,val
8195,train
8196,train
8197,test
8199,train
8200,train
8201,train
8202,train
8203,train
8204,val
8205,train
8206,train
8207,test
8208,train
8209,train
8210,val
8211,train
8212,train
8213,train
8214,train
8215,val
8216,val
8217,train
8218,train
8219,val
8220,train
8221,train
8222,train
8223,val
8224,train
8225,val
8226,train
8227,train
8228,test
8229,train
8230,train
8231,train
8232,train
8233,test
8234,train
8235,train
8236,val
8237,val
8238,train
8239,train
8240,test
8241,train
8242,train
8243,test
8244,test
8245,train
8246,train
8247,val
8248,train
8249,test
8250,val
8251,train
8252,train
8253,train
8254,train
8255,train
8256,val
8257,train
8258,train
8259,train
8260,train
8261,train
8262,test
8263,train
8264,val
8265,train
8266,test
8267,train
8268,train
8269,val
8270,test
8271,train
8272,test
8273,train
8274,train
8275,test
8276,train
8277,test
8278,train
8279,train
8280,train
8281,train
8282,val
8283,train
8284,train
8285,train
8286,test
8287,train
8288,val
8289,train
8290,train
8291,val
8292,train
8293,test
8294,train
8295,train
8296,train
8297,train
8298,train
8299,val
8300,train
8301,train
8302,train
8303,train
8304,val
8305,train
8306,train
8307,val
8308,train
8309,train
8310,train
8311,train
8312,train
8313,test
8314,test
8315,train
8316,train
8317,train
8318,train
8319,train
8320,train
8321,train
8322,train
8323,train
8324,train
8325,train
8326,train
8327,train
8328,test
8329,test
8330,val
8331,train
8332,train
8333,train
8334,train
8335,train
8336,train
8338,train
8339,train
8340,train
8341,train
8342,train
8343,train
8344,train
8345,train
8346,train
8347,train
8348,train
8349,val
8350,train
8351,train
8353,val
8354,train
8355,test
8356,train
8357,train
8358,test
8360,train
8361,train
8362,test
8363,train
8364,train
8365,train
8366,train
8367,train
8368,test
8369,train
8370,test
8371,train
8372,val
8373,train
8374,train
8375,test
8376,val
8377,val
8378,train
8379,train
8380,train
8381,val
8382,train
8383,train
8384,test
8385,test
8386,train
8387,val
8388,train
8389,train
8390,train
8391,train
8392,train
8393,test
8394,test
8395,val
8396,train
8397,train
8398,train
8399,train
8400,train
8401,train
8402,train
8403,test
8404,train
8405,val
8406,train
8407,train
8408,val
8409,train
8410,val
8411,train
8412,train
8413,train
8414,test
8415,test
8416,train
8417,val
8418,train
8419,train
8420,train
8421,train
8422,train
8423,train
8424,val
8425,val
8426,train
8427,test
8428,test
8429,train
8430,val
8431,test
8432,train
8433,train
8434,test
8435,test
8436,train
8437,val
8438,train
8439,train
8440,train
8441,train
8442,train
8443,val
8444,train
8445,val
8446,train
8447,test
8448,val
8449,train
8450,test
8451,train
8452,val
8453,test
8454,train
8455,train
8456,train
8457,train
8458,test
8459,train
8460,train
8461,train
8462,train
8463,test
8464,train
8465,train
8466,train
8467,train
8468,train
8469,train
8470,test
8471,train
8472,val
8473,train
8474,train
8475,val
8476,train
8477,test
8478,train
8479,train
8480,val
8481,train
8482,train
8483,train
8484,train
8485,train
8486,val
8487,val
8488,train
8489,train
8490,val
8491,train
8492,test
8493,train
8494,train
8495,val
8496,train
8497,train
8498,test
8499,train
8500,test
8501,train
8502,train
8503,train
8504,test
8505,val
8506,train
8507,train
8508,train
8509,train
8510,train
8511,train
8512,train
8513,train
8514,val
8515,test
8516,test
8517,train
8518,train
8519,train
8520,val
8521,train
8522,val
8523,train
8524,val
8525,train
8526,test
8527,train
8528,test
8529,train
8530,train
8531,train
8532,train
8533,train
8534,train
8535,test
8536,val
8537,test
8538,train
8539,val
8540,train
8541,val
8542,train
8543,train
8544,train
8545,train
8546,train
8547,train
8548,train
8549,train
8550,train
8551,train
8552,train
8553,train
8554,train
8555,train
8556,val
8557,val
8558,val
8559,train
8560,train
8561,train
8562,train
8563,train
8564,train
8565,train
8566,train
8567,train
8568,val
8569,train
8571,train
8572,train
8573,train
8575,val
8576,val
8577,val
8578,train
8579,train
8580,val
8581,val
8582,test
8583,val
8584,train
8585,val
8586,train
8587,train
8588,train
8589,test
8590,test
8591,train
8592,train
8593,train
8594,val
8595,train
8596,train
8597,val
8598,train
8599,train
8600,train
8601,train
8602,val
8603,train
8604,train
8605,val
8606,test
8607,train
8608,val
8609,train
8610,train
8611,val
8612,train
8613,test
8614,train
8615,val
8616,train
8617,train
8618,test
8619,train
8620,train
8621,train
8622,test
8623,train
8624,train
8626,val
8627,val
8628,train
8629,test
8630,train
8631,val
8632,train
8633,val
8634,test
8635,train
8636,train
8637,val
8638,test
8639,test
8640,train
8641,train
8642,train
8643,train
8644,train
8645,test
8646,test
8647,test
8648,train
8649,test
8650,train
8651,train
8653,train
8654,test
8655,val
8656,train
8657,train
8658,train
8659,test
8660,train
8661,val
8662,val
8663,train
8664,train
8665,test
8666,train
8667,train
8668,train
8669,train
8670,train
8671,train
8672,train
8673,train
8674,val
8676,train
8677,train
8678,train
8679,train
8680,train
8681,train
8682,train
8683,val
8684,train
8685,train
8686,train
8687,train
8688,train
8689,train
8690,test
8691,test
8692,test
8693,test
8694,train
8695,train
8696,train
8697,train
8698,train
8699,train
8700,train
8702,val
8703,train
8704,train
8705,train
8706,train
8707,train
8708,train
8709,train
8710,train
8711,train
8712,train
8713,train
8714,val
8715,test
8716,train
8717,train
8718,train
8719,train
8720,train
8721,train
8722,train
8723,train
8724,train
8725,train
8726,train
8727,train
8728,train
8729,train
8730,test
8731,train
8732,train
8733,train
8734,val
8735,train
8736,train
8737,train
8738,train
8739,test
8740,train
8741,train
8742,train
8743,val
8744,train
8745,train
8746,test
8747,train
8748,train
8749,test
8750,train
8751,train
8752,test
8753,train
8754,test
8755,train
8756,val
8757,train
8758,train
8759,train
8760,train
8761,train
8762,train
8763,val
8764,train
8765,train
8766,train
8767,train
8768,train
8769,train
8770,train
8771,train
8772,train
8773,train
8774,val
8775,test
8776,train
8777,train
8778,train
8779,test
8780,train
8781,train
8782,train
8783,train
8784,val
8785,train
8786,train
8787,train
8788,train
8789,train
8790,train
8791,train
8792,train
8793,train
8794,val
8795,train
8796,train
8797,train
8798,train
8799,test
8800,train
8801,train
8802,train
8803,train
8804,train
8805,train
8806,train
8807,test
8808,test
8809,train
8810,test
8811,train
8812,train
8813,train
8814,train
8816,train
8817,train
8818,train
8819,train
8820,train
8821,train
8822,train
8823,train
8824,train
8825,train
8826,train
8827,val
8828,train
8829,train
8830,train
8831,test
8832,train
8833,val
8834,train
8835,train
8836,train
8837,test
8838,train
8839,test
8840,train
8841,train
8842,val
8843,train
8844,train
8845,train
8846,val
8847,train
8848,train
8849,val
8850,train
8851,val
8852,test
8853,train
8854,train
8855,val
8856,train
8857,train
8858,train
8859,train
8860,train
8861,train
8862,train
8863,train
8864,val
8865,train
8866,train
8867,test
8868,train
8869,train
8870,train
8871,train
8872,test
8873,train
8874,train
8875,train
8876,val
8877,train
8878,train
8879,val
8880,train
8881,train
8882,val
8883,train
8884,test
8885,test
8886,train
8887,test
8888,test
8889,test
8890,train
8891,train
8892,train
8893,val
8894,train
8895,val
8896,train
8897,train
8898,train
8899,val
8900,train
8901,train
8902,train
8903,train
8904,train
8905,train
8906,test
8907,train
8908,train
8909,val
8910,train
8911,train
8912,val
8913,train
8914,val
8915,train
8916,val
8917,train
8918,train
8919,train
8920,train
8921,test
8922,train
8923,train
8924,train
8925,test
8926,train
8927,test
8928,val
8929,train
8930,train
8931,val
8932,train
8933,train
8934,train
8935,train
8936,train
8937,train
8938,train
8939,train
8940,val
8941,train
8942,train
8943,train
8945,test
8946,train
8947,train
8948,train
8949,val
8950,train
8951,train
8952,train
8953,train
8954,train
8955,train
8956,train
8957,train
8958,train
8959,train
8960,test
8961,test
8962,train
8963,train
8964,train
8965,train
8966,test
8967,train
8968,train
8969,val
8970,train
8971,train
8972,val
8973,train
8974,train
8975,train
8976,train
8977,train
8978,train
8979,test
8980,train
8981,train
8982,train
8983,train
8984,train
8985,train
8986,val
8987,train
8988,val
8990,train
8991,train
8992,train
8993,train
8994,train
8995,train
8996,train
8997,train
8998,test
8999,train
9000,train
9001,train
9002,train
9003,train
9004,train
9005,train
9006,train
9007,train
9008,train
9009,val
9010,train
9011,train
9012,train
9013,test
9014,train
9015,test
9016,train
9017,val
9018,train
9019,train
9020,train
9021,train
9022,train
9023,train
9024,train
9025,train
9026,train
9027,train
9028,test
9029,val
9030,test
9031,train
9032,train
9033,train
9034,train
9035,train
9036,test
9037,train
9038,test
9039,val
9040,test
9041,val
9042,val
9043,test
9044,val
9045,train
9046,train
9047,train
9048,train
9049,train
9050,test
9051,test
9052,train
9053,test
9054,train
9055,test
9056,val
9058,train
9059,train
9060,train
9061,test
9062,val
9063,train
9064,train
9065,train
9066,train
9067,train
9068,train
9069,test
9070,train
9071,train
9072,test
9073,train
9074,val
9075,train
9076,train
9077,train
9078,test
9079,train
9080,train
9081,train
9082,train
9083,train
9084,train
9085,train
9086,train
9087,train
9088,train
9089,train
9090,test
9091,train
9092,train
9093,train
9094,train
9095,test
9096,test
9097,val
9098,train
9099,train
9100,test
9101,train
9102,train
9103,train
9104,train
9105,train
9106,train
9107,train
9108,train
9109,train
9110,val
9111,val
9112,train
9113,train
9114,train
9115,test
9116,train
9117,train
9118,train
9119,train
9120,train
9121,val
9122,test
9123,train
9124,train
9125,train
9126,train
9127,train
9128,test
9129,train
9130,train
9131,train
9132,train
9133,train
9134,train
9135,train
9136,test
9137,train
9138,train
9139,train
9140,train
9141,test
9142,train
9143,train
9144,val
9145,train
9146,train
9147,train
9148,val
9149,train
